sample_id,meat_type,storage_type,hour,timestamp_iso,temp_c,hum_pct,frozen_age_days,thaw_method,time_since_thaw_min,mq137_v_rs,mq135_v_rs,mq4_v_rs,mq3_v_rs,as_raw_ch1,as_raw_ch2,as_raw_ch3,as_raw_ch4,as_raw_ch5,as_raw_ch6,as_raw_ch7,as_raw_ch8,as_raw_ch9,as_raw_ch10,as_raw_ch11,as_raw_ch12,as_raw_ch13,as_raw_ch14,as_raw_ch15,as_raw_ch16,as_raw_ch17,as_raw_ch18,avg_valid,cv_flag,final_label,ground_truth_value
NaN,Wing,NaN,0,2025-11-16T19:28:48.210653,32.583333333333336,72.18833333333333,N/A,N/A,N/A,1.4983666666666666,0.16670000000000001,0.3419166666666667,0.7357833333333333,5.925229549407959,111.78711598714193,145.06423950195312,43.716777102152506,69.3467030843099,79.65110295613607,69.57723693847656,87.51904462178548,226.1679796854655,62.97313893636068,51.17346115112305,15.88915729522705,14.480642318725586,8.308847427368164,8.85634994506836,4.501455783843994,1.8258919715881348,2.7067477703094482,True,N/A,AVG_5_MIN,N/A
NaN,Wing,NaN,0,2025-11-16T19:37:36.092421,33.50666666666667,70.24666666666667,N/A,N/A,N/A,1.5000833333333334,0.1663,0.34140000000000004,0.7707333333333334,5.925229549407959,112.57635142008463,145.90115051269532,43.33420022328695,69.2980728149414,79.94720458984375,70.17978210449219,88.03602828979493,225.66009318033855,63.029541015625,51.500393295288085,15.88915729522705,14.480642318725586,8.308847427368164,8.85634994506836,4.501455783843994,1.8258919715881348,2.7067477703094482,True,N/A,AVG_5_MIN,N/A
NaN,Wing,NaN,0,2025-11-16T19:51:20.202817,33.765,67.63,N/A,N/A,N/A,1.4721833333333334,0.16405,0.34305,0.7234166666666666,6.74347546895345,113.82334200541179,144.69227905273436,45.762091954549156,70.7083506266276,73.19383163452149,71.41834716796875,91.92123794555664,239.548974609375,63.60766359965007,44.27347602844238,15.88915729522705,14.051586532592774,7.477962970733643,8.85634994506836,4.407675464948018,1.8258919715881348,2.7067477703094482,True,N/A,AVG_5_MIN,N/A
NaN,Wing,NaN,0,2025-11-16T20:00:08.325890,34.163333333333334,67.36666666666666,N/A,N/A,N/A,1.4975666666666667,0.16493333333333335,0.3787,0.7388166666666667,6.74347546895345,113.94961814880371,143.88636474609376,45.0263671875,70.0032117207845,72.93189646402995,71.12544326782226,91.60008163452149,237.8494903564453,63.24104881286621,44.20464820861817,15.862675348917643,13.89069061279297,7.477962970733643,8.85634994506836,4.238870890935262,1.8258919715881348,2.7067477703094482,True,N/A,AVG_5_MIN,N/A
NaN,Wing,NaN,0,2025-11-16T20:08:56.486207,34.36666666666667,66.67333333333333,N/A,N/A,N/A,1.5021166666666668,0.16475,0.42793333333333333,0.7427333333333334,6.757583157221476,113.66549619038899,143.46790924072266,45.0263671875,69.48043632507324,72.48774401346843,70.89112014770508,91.59224866231283,235.83745727539062,62.754580879211424,44.03257865905762,15.64419929186503,13.729794692993163,7.477962970733643,8.85634994506836,4.032554189364116,1.8258919715881348,2.7067477703094482,True,N/A,AVG_5_MIN,N/A
NaN,Wing,NaN,0,2025-11-16T20:17:44.553152,34.458333333333336,68.27333333333334,N/A,N/A,N/A,1.588,0.1656,0.3984,0.7657666666666667,6.108629496892293,112.93939971923828,141.90258331298827,44.378929392496744,68.20389175415039,71.94109484354655,70.7488525390625,91.49825299580893,232.79010620117188,62.232858975728355,43.94654388427735,15.50516907374064,13.676162719726562,7.477962970733643,8.85634994506836,3.751213232676188,1.8258919715881348,2.7067477703094482,True,N/A,AVG_5_MIN,N/A
NaN,Wing,NaN,0,2025-11-16T20:26:32.508148,34.57833333333333,68.62333333333333,N/A,N/A,N/A,1.6662166666666667,0.16801666666666668,0.41173333333333334,0.7995833333333334,5.925229549407959,109.908740234375,139.79481506347656,43.26062774658203,65.78453585306804,69.92533111572266,69.31780776977538,89.63398056030273,226.51960220336915,60.639495086669925,42.896919631958006,15.260211070378622,13.314146471023559,7.325634066263834,8.575898742675781,3.4323601484298707,1.8258919715881348,2.7067477703094482,True,N/A,AVG_5_MIN,N/A
NaN,Wing,NaN,0,2025-11-16T20:35:20.751781,34.55833333333334,68.55166666666666,N/A,N/A,N/A,1.49685,0.16345,0.35923333333333335,0.7856333333333334,5.925229549407959,106.04149220784505,136.44717280069986,41.83332169850667,62.79377784729004,67.14654057820638,67.57712173461914,87.40938313802083,219.54586486816407,58.799370702107744,42.07098579406738,14.796777725219727,12.858274157842,6.688622283935547,7.970714569091797,3.376091957092285,1.7954604387283326,2.7067477703094482,True,N/A,AVG_5_MIN,N/A
NaN,Wing,NaN,0,2025-11-16T20:44:08.529176,34.5,68.47833333333334,N/A,N/A,N/A,1.6377833333333334,0.16641666666666668,0.34345000000000003,0.7921333333333334,5.925229549407959,105.42589124043782,135.45528157552084,41.49488830566406,61.8698039372762,66.55433807373046,67.24237442016602,86.88456954956055,216.53758239746094,58.023838424682616,41.36550064086914,14.697470664978027,12.871682167053223,6.647078037261963,7.970714569091797,3.376091957092285,1.7954604387283326,2.7067477703094482,True,N/A,AVG_5_MIN,N/A
NaN,Wing,NaN,0,2025-11-16T20:52:56.538696,34.5,68.175,N/A,N/A,N/A,1.6254666666666666,0.16608333333333333,0.3384666666666667,0.7816666666666667,5.925229549407959,105.52059872945149,134.7888626098633,41.450744819641116,61.274085998535156,66.30379053751628,67.14195022583007,86.68874282836914,213.95905456542968,57.50211817423503,41.159017181396486,14.697470664978027,12.871682167053223,6.647078037261963,7.970714569091797,3.376091957092285,1.7954604387283326,2.7067477703094482,True,N/A,AVG_5_MIN,N/A
NaN,Wing,NaN,0,2025-11-16T21:01:44.395702,34.5,66.21333333333334,N/A,N/A,N/A,1.49685,0.16308333333333333,0.33261666666666667,0.7493666666666666,5.925229549407959,104.9997065226237,133.33201751708984,40.62673308054606,60.423056284586586,65.84825439453125,66.7653594970703,86.3362533569336,211.26332092285156,56.94514617919922,40.642808532714845,14.39292828241984,12.831458139419556,6.647078037261963,7.970714569091797,3.376091957092285,1.6433027744293214,2.7067477703094482,True,N/A,AVG_5_MIN,N/A
NaN,Wing,NaN,0,2025-11-16T21:10:32.507892,34.42333333333333,66.08666666666667,N/A,N/A,N/A,1.4293833333333332,0.16090000000000002,0.33253333333333335,0.7417333333333334,5.925229549407959,104.19468638102214,132.21613616943358,40.46487363179525,59.4504508972168,65.17633425394693,66.27160720825195,85.71743850708008,208.0596954345703,56.247168095906574,40.419118118286136,14.300241470336914,12.362177817026774,6.647078037261963,7.970714569091797,3.376091957092285,1.4607135772705078,2.7067477703094482,True,N/A,AVG_5_MIN,N/A
NaN,Wing,NaN,0,2025-11-16T21:19:20.572258,34.33166666666666,66.175,N/A,N/A,N/A,1.47865,0.16243333333333335,0.33148333333333335,0.7463333333333333,5.925229549407959,103.35809682210287,130.60430755615235,39.729148864746094,58.526475779215495,64.41330312093099,65.7778549194336,85.1064567565918,205.2076873779297,55.62674331665039,40.28146247863769,14.300241470336914,12.067201614379883,6.647078037261963,7.867390497525533,3.376091957092285,1.2679805358250935,2.7067477703094482,True,N/A,AVG_5_MIN,N/A
NaN,Wing,NaN,0,2025-11-16T21:28:08.723334,34.4,64.32833333333333,N/A,N/A,N/A,1.5161499999999999,0.16295,0.33343333333333336,0.7691166666666667,5.925229549407959,102.41101430257162,128.94599177042645,39.44957345326741,57.83349450429281,63.88943290710449,65.43473892211914,84.51897430419922,202.86358108520508,55.08387101491292,39.79966773986816,14.134729305903116,12.067201614379883,6.647078037261963,7.572178864479065,3.376091957092285,1.2781243801116944,2.7067477703094482,True,N/A,AVG_5_MIN,N/A
NaN,Wing,NaN,0,2025-11-16T21:36:56.486747,34.50666666666667,67.46333333333334,N/A,N/A,N/A,1.5367666666666666,0.16413333333333335,0.3393166666666667,0.8232666666666667,5.925229549407959,101.70070241292318,127.41165733337402,38.86099363962809,57.14051602681478,63.51361274719238,64.9158805847168,84.00198974609376,200.91015625,54.60445028940837,38.939320182800294,13.975837628046671,12.094017632802327,6.647078037261963,7.173643159866333,3.376091957092285,1.2375490029652914,2.7067477703094482,True,N/A,AVG_5_MIN,N/A
NaN,Wing,NaN,0,2025-11-16T21:45:44.062264,34.675000000000004,68.79333333333334,N/A,N/A,N/A,1.5692833333333334,0.16533333333333333,0.3417,0.87915,5.925229549407959,103.23181915283203,128.12458483378092,39.00813859303792,58.07664578755696,64.83467852274576,65.30083999633788,84.4484764099121,201.0664306640625,54.74545669555664,39.593184280395505,14.293620983759562,12.415809853871663,6.647078037261963,7.6017000277837115,3.376091957092285,1.2781243801116944,2.7067477703094482,True,N/A,AVG_5_MIN,N/A
NaN,Wing,NaN,0,2025-11-16T21:54:32.328186,34.70333333333333,67.65833333333333,N/A,N/A,N/A,1.5469833333333334,0.16371666666666668,0.33121666666666666,0.8577666666666667,5.925229549407959,102.34787546793619,126.82272198994954,38.84627914428711,57.62681579589844,64.23108673095703,65.04141082763672,83.97065734863281,199.2106719970703,54.273087692260745,39.50714956919352,13.929494222005209,12.147649669647217,6.647078037261963,7.409812466303507,3.376091957092285,1.2679805358250935,2.7067477703094482,True,N/A,AVG_5_MIN,N/A
NaN,Wing,NaN,0,2025-11-16T22:03:20.100761,34.7,67.40666666666667,N/A,N/A,N/A,1.5422333333333333,0.16283333333333333,0.32155,0.8469666666666666,5.925229549407959,100.95882415771484,125.21089630126953,38.816850153605145,56.9095230738322,63.70721753438314,64.62297668457032,83.46934204101562,197.53072204589844,53.94877573649089,38.939320437113444,13.9030122756958,12.080609623591105,6.647078037261963,7.144121996561686,3.376091957092285,1.2172613143920898,2.7067477703094482,True,N/A,AVG_5_MIN,N/A
NaN,Wing,NaN,0,2025-11-16T22:12:08.036556,34.715,67.21,N/A,N/A,N/A,1.5418666666666667,0.16253333333333334,0.36228333333333335,0.8455166666666667,5.925229549407959,99.72762145996094,123.52158228556316,37.99283841451009,56.32595990498861,63.04668401082357,64.14596176147461,82.92102966308593,195.85077209472655,53.56100997924805,38.939320945739745,13.9030122756958,12.067201614379883,6.647078037261963,7.085079669952393,3.376091957092285,1.2172613143920898,2.7067477703094482,True,N/A,AVG_5_MIN,N/A
NaN,Wing,NaN,0,2025-11-16T22:20:55.602843,34.78333333333333,67.635,N/A,N/A,N/A,1.5742333333333334,0.163,0.3959666666666667,0.8482166666666666,5.925229549407959,98.10179646809895,121.77026977539063,37.963409423828125,55.803184509277344,62.45448303222656,63.618734741210936,82.32571411132812,194.1512878417969,53.26489671071371,38.88770014444987,13.9030122756958,12.067201614379883,6.647078037261963,7.085079669952393,3.376091957092285,1.2172613143920898,2.7067477703094482,True,N/A,AVG_5_MIN,N/A
NaN,Wing,NaN,0,2025-11-16T22:29:43.562697,34.79833333333333,67.31,N/A,N/A,N/A,1.5783,0.1631,0.3753333333333333,0.8519666666666666,5.882906484603882,96.58646583557129,120.14294840494792,37.4631165822347,55.316881815592446,61.79395014444987,63.11661376953125,81.69123306274415,192.51040649414062,52.877132415771484,38.52635491689046,13.9030122756958,12.067201614379883,6.647078037261963,7.085079669952393,3.376091957092285,1.2172613143920898,2.7067477703094482,True,N/A,AVG_5_MIN,N/A
NaN,Wing,NaN,0,2025-11-16T22:38:31.104547,34.8,67.125,N/A,N/A,N/A,1.6040333333333334,0.16338333333333335,0.37834999999999996,0.8677333333333334,5.741829601923625,95.18163299560547,118.56211891174317,37.08053970336914,54.70900344848633,61.292856216430664,62.64796752929688,81.1115837097168,190.69371643066407,52.55986785888672,37.941318893432616,13.558746973673502,12.067201614379883,6.647078037261963,7.085079669952393,3.376091957092285,1.2172613143920898,2.7067477703094482,True,N/A,AVG_5_MIN,N/A
NaN,Wing,NaN,0,2025-11-16T22:47:18.869121,34.73166666666667,65.48666666666666,N/A,N/A,N/A,1.5812833333333334,0.1631,0.4261666666666667,0.8401333333333333,5.135199006398519,93.36639149983723,116.51634368896484,36.88925126393636,54.125440216064455,60.552604802449544,62.08726577758789,80.56326675415039,189.1700408935547,52.30605754852295,37.83807716369629,13.505783081054688,12.067201614379883,6.647078037261963,7.085079669952393,3.376091957092285,1.2172613143920898,2.7067477703094482,True,N/A,AVG_5_MIN,N/A
NaN,Wing,NaN,0,2025-11-16T22:56:06.829680,34.656666666666666,66.68,N/A,N/A,N/A,1.6072333333333333,0.16345,0.4076,0.8649833333333333,5.078768253326416,91.59851137797038,114.84252166748047,36.197669982910156,53.5540345509847,59.91484864552816,61.484720611572264,79.88962109883626,187.41195373535157,52.031097412109375,37.614386622111006,13.505783081054688,12.067201614379883,6.647078037261963,7.085079669952393,3.376091957092285,1.2172613143920898,2.6766727924346925,True,N/A,AVG_5_MIN,N/A
NaN,Wing,NaN,0,2025-11-16T23:04:54.583573,34.615,66.63,N/A,N/A,N/A,1.6131333333333333,0.1631,0.41678333333333334,0.8612666666666666,5.078768253326416,89.79905497233072,112.7967466990153,36.197669982910156,53.04341780344645,59.20876274108887,60.92401885986328,79.23164749145508,185.65386657714845,51.657433636983235,37.167005920410155,13.505783081054688,12.067201614379883,6.550141461690267,7.085079669952393,3.376091957092285,1.2172613143920898,2.3608855247497558,True,N/A,AVG_5_MIN,N/A
NaN,Wing,NaN,0,2025-11-16T23:13:42.254464,34.69666666666667,63.81,N/A,N/A,N/A,1.6329166666666666,0.16116666666666668,0.3904166666666667,0.7946833333333333,5.078768253326416,87.73126157124837,110.71997273763021,35.38837273915609,52.265336227416995,58.43434492746989,60.2461555480957,78.47183685302734,183.64183349609374,51.375421142578126,36.94331537882487,13.413096491495768,12.067201614379883,6.383964474995931,7.085079669952393,3.376091957092285,1.2172613143920898,2.135323190689087,True,N/A,AVG_5_MIN,N/A
NaN,Wing,NaN,0,2025-11-16T23:22:30.090646,34.695,63.37,N/A,N/A,N/A,1.63485,0.16006666666666666,0.42025,0.7626833333333334,5.078768253326416,85.41091359456381,108.56570434570312,34.84393437703451,51.49940948486328,57.614373143513994,59.35907516479492,77.50053253173829,181.72748285929362,51.06520799001058,36.78845272064209,13.11517531077067,12.067201614379883,6.176243241628011,7.085079669952393,3.376091957092285,1.2172613143920898,1.8496109008789063,True,N/A,AVG_5_MIN,N/A
NaN,Wing,NaN,0,2025-11-16T23:31:17.893854,34.675000000000004,63.428333333333335,N/A,N/A,N/A,1.6706166666666666,0.16058333333333333,0.3792833333333333,0.7619666666666667,5.078768253326416,83.32733421325683,106.38044408162435,34.43192672729492,50.84290084838867,56.817179679870605,58.48036346435547,76.56056060791016,179.6959197998047,50.762046813964844,36.5475554784139,13.10855484008789,12.067201614379883,5.913129679361979,7.040797924995422,3.376091957092285,1.2172613143920898,1.8345734119415282,True,N/A,AVG_5_MIN,N/A
NaN,Wing,NaN,0,2025-11-16T23:40:05.606161,34.645,63.248333333333335,N/A,N/A,N/A,1.66615,0.16126666666666667,0.39393333333333336,0.7513166666666666,5.078768253326416,81.18061930338541,104.13318850199381,33.72563095092774,50.17423464457194,56.05414924621582,57.66860122680664,75.62059491475424,177.8596954345703,50.40953381856283,35.979727300008136,13.10855484008789,12.067201614379883,5.926977761586508,6.996516180038452,3.376091957092285,1.2172613143920898,1.8044984340667725,True,N/A,AVG_5_MIN,N/A
NaN,Wing,NaN,0,2025-11-16T23:48:53.281184,34.61,63.318333333333335,N/A,N/A,N/A,1.6661,0.16091666666666668,0.39055,0.74705,5.078768253326416,78.89183781941732,101.79294039408366,33.46077003479004,49.529883575439456,55.279733657836914,56.91541976928711,74.71978988647462,175.92579956054686,50.275578308105466,35.91089973449707,13.06883192062378,12.026977634429931,5.843889268239339,6.6717833836873375,3.376091957092285,1.2172613143920898,1.8044984340667725,True,N/A,AVG_5_MIN,N/A
NaN,Wing,NaN,0,2025-11-16T23:57:41.369100,34.6,64.04833333333333,N/A,N/A,N/A,1.625,0.16178333333333333,0.3869666666666667,0.7459666666666667,5.078768253326416,76.72933909098307,99.5766830444336,32.66618728637695,48.861217435201006,54.482540384928384,56.019970703125,73.72498626708985,174.12864379882814,49.916011810302734,35.56676063537598,12.731187105178833,11.745409774780274,5.816193103790283,6.406092913945516,3.376091957092285,1.2172613143920898,1.8044984340667725,True,N/A,AVG_5_MIN,N/A
NaN,Wing,NaN,0,2025-11-17T00:06:29.368430,34.68,65.48333333333333,N/A,N/A,N/A,1.6218833333333333,0.16213333333333335,0.3723666666666667,0.7585,5.078768253326416,74.83517532348633,97.71688181559244,32.65147282282511,48.20471223195394,53.9814453125,55.34210739135742,72.91817703247071,172.58543395996094,49.86665999094645,35.54955368041992,12.711325645446777,11.557697868347168,5.816193103790283,6.214205352465312,3.376091957092285,1.2172613143920898,1.8044984340667725,True,N/A,AVG_5_MIN,N/A
NaN,Wing,NaN,0,2025-11-17T00:15:17.076747,34.74,66.69333333333333,N/A,N/A,N/A,1.5259666666666667,0.16198333333333334,0.3692333333333333,0.78945,5.06466056505839,72.97258605957032,95.82608947753906,32.00403642654419,47.925088500976564,53.36646773020426,54.6809814453125,72.22886454264322,171.45244445800782,49.796157391866046,35.205414581298825,12.711325645446777,11.584513854980468,5.816193103790283,6.199444770812988,3.376091957092285,1.2172613143920898,1.8044984340667725,True,N/A,AVG_5_MIN,N/A
NaN,Wing,NaN,0,2025-11-17T00:24:05.158651,34.83833333333333,66.20333333333333,N/A,N/A,N/A,1.4958,0.16216666666666668,0.35296666666666665,0.8090666666666666,4.937691370646159,71.1889139811198,94.4467394510905,31.7833194732666,47.41447067260742,52.61482620239258,54.05333023071289,71.32806549072265,170.0459747314453,49.49299621582031,34.93010330200195,12.711325645446777,11.26272201538086,5.816193103790283,6.199444770812988,3.357335889339447,1.2172613143920898,1.8044984340667725,True,N/A,AVG_5_MIN,N/A
NaN,Wing,NaN,0,2025-11-17T00:32:52.978768,34.765,63.288333333333334,N/A,N/A,N/A,1.6078166666666667,0.16225,0.3615,0.7434666666666666,4.584999163945516,69.07376861572266,92.3389678955078,31.592030620574953,46.95248311360677,52.03401470184326,53.3419921875,70.52125625610351,168.7567108154297,49.49299621582031,35.2914493560791,12.645120779673258,11.26272201538086,5.816193103790283,6.199444770812988,3.357335889339447,1.2172613143920898,1.8044984340667725,True,N/A,AVG_5_MIN,N/A
NaN,Wing,NaN,0,2025-11-17T00:41:41.103390,34.585,63.178333333333335,N/A,N/A,N/A,1.5545666666666667,0.1615,0.35441666666666666,0.7447166666666667,4.232306957244873,66.65871022542318,90.07621459960937,30.900447845458984,46.34460474650065,51.22543029785156,52.41306838989258,69.49512023925782,167.15489807128907,49.30263748168945,34.465515518188475,12.33395791053772,11.26272201538086,5.816193103790283,6.199444770812988,3.3010676860809327,1.2172613143920898,1.8044984340667725,True,N/A,AVG_5_MIN,N/A
NaN,Wing,NaN,0,2025-11-17T00:50:28.878928,34.498333333333335,63.19,N/A,N/A,N/A,1.5362666666666667,0.16121666666666667,0.3518,0.7550166666666667,4.232306957244873,64.43307151794434,87.96844380696615,30.841589864095052,45.90693232218425,50.45101420084635,51.525988006591795,68.4689842224121,165.80703125,49.069976806640625,34.241825103759766,12.314096450805664,11.26272201538086,5.816193103790283,6.199444770812988,3.3010676860809327,1.2172613143920898,1.8044984340667725,True,N/A,AVG_5_MIN,N/A
NaN,Wing,NaN,0,2025-11-17T00:59:16.908717,34.42666666666666,63.145,N/A,N/A,N/A,1.5445833333333334,0.16128333333333333,0.3546333333333333,0.7354666666666666,4.232306957244873,62.22321637471517,85.90716705322265,30.017578125,45.22610855102539,49.68798414866129,50.63053894042969,67.4976868947347,164.42009582519532,49.069976806640625,33.691202545166014,12.314096450805664,11.26272201538086,5.816193103790283,6.199444770812988,3.2823116183280945,1.2172613143920898,1.8044984340667725,True,N/A,AVG_5_MIN,N/A
NaN,Wing,NaN,0,2025-11-17T01:08:04.596844,34.501666666666665,66.45166666666667,N/A,N/A,N/A,1.6363666666666665,0.16321666666666668,0.3596833333333333,0.85945,4.232306957244873,60.518470001220706,84.57430915832519,30.017578125,45.11669101715088,49.15272623697917,49.84388275146485,66.58121490478516,163.38477783203126,49.069976806640625,33.63958168029785,12.314096450805664,11.26272201538086,5.816193103790283,6.199444770812988,3.0572388052940367,1.2172613143920898,1.8044984340667725,True,N/A,AVG_5_MIN,N/A
NaN,Wing,NaN,0,2025-11-17T01:16:52.155440,34.6,66.84,N/A,N/A,N/A,1.6801333333333333,0.16396666666666668,0.36085,0.9188666666666667,4.2181992650032045,59.23991031646729,83.55142517089844,30.017578125,44.52097333272298,48.51496887207031,49.124176025390625,65.9545669555664,162.91595458984375,49.027675247192384,33.86327209472656,12.300855509440105,11.26272201538086,5.816193103790283,6.199444770812988,2.8884341955184936,1.2172613143920898,1.8044984340667725,True,N/A,AVG_5_MIN,N/A
NaN,Wing,NaN,0,2025-11-17T01:25:39.710650,34.665,66.63666666666667,N/A,N/A,N/A,1.6797,0.1641,0.3636333333333333,0.9147500000000001,4.246414645512899,57.961351267496745,82.48203887939454,30.017578125,44.49665832519531,48.082207361857094,48.488156127929685,65.1555908203125,162.42759704589844,48.731564331054685,33.209407806396484,11.949970563252768,11.26272201538086,5.816193103790283,6.199444770812988,2.757141721248627,1.2172613143920898,1.8044984340667725,True,N/A,AVG_5_MIN,N/A
NaN,Wing,NaN,0,2025-11-17T01:34:27.465633,34.7,67.41333333333333,N/A,N/A,N/A,1.71235,0.16521666666666668,0.36546666666666666,0.9451499999999999,4.232306957244873,56.47759221394857,81.38165957132975,29.414283816019694,44.46018562316895,47.6380563100179,47.67639058430989,64.42711321512859,161.743896484375,48.6469612121582,33.34706344604492,11.916868209838867,11.26272201538086,5.816193103790283,6.199444770812988,2.6258492469787598,1.2172613143920898,1.8044984340667725,True,N/A,AVG_5_MIN,N/A
NaN,Wing,NaN,0,2025-11-17T01:43:15.310948,34.75666666666667,66.48,N/A,N/A,N/A,1.6460833333333333,0.16365000000000002,0.35535,0.9252166666666667,4.232306957244873,55.27795677185058,80.29677886962891,29.134708404541016,43.91309509277344,47.13696130116781,46.95668334960938,63.66730575561523,160.94300053914387,48.6469612121582,32.951303513844806,11.916868209838867,11.26272201538086,5.816193103790283,6.199444770812988,2.644605314731598,1.2172613143920898,1.8044984340667725,True,N/A,AVG_5_MIN,N/A
NaN,Wing,NaN,0,2025-11-17T01:52:03.061101,34.785,65.64166666666667,N/A,N/A,N/A,1.6325666666666667,0.1632,0.34754999999999997,0.9062333333333333,4.232306957244873,53.9046885172526,79.35137939453125,29.134708404541016,43.76720428466797,46.51059595743815,46.195133209228516,62.91533164978027,160.59138768513998,48.6469612121582,32.81364793777466,11.916868209838867,11.26272201538086,5.816193103790283,6.199444770812988,2.5695810437202455,1.2172613143920898,1.8044984340667725,True,N/A,AVG_5_MIN,N/A
NaN,Wing,NaN,0,2025-11-17T02:00:50.911563,34.79833333333333,65.16333333333333,N/A,N/A,N/A,1.7440166666666668,0.16590000000000002,0.36301666666666665,0.8560833333333333,4.232306957244873,52.673482704162595,78.3129898071289,29.134708404541016,43.76720428466797,46.12338638305664,45.408477020263675,62.24951858520508,160.04442749023437,48.6469612121582,32.9513035774231,11.916868209838867,11.26272201538086,5.816193103790283,6.199444770812988,2.382020366191864,1.2172613143920898,1.8044984340667725,True,N/A,AVG_5_MIN,N/A
NaN,Wing,NaN,0,2025-11-17T02:09:38.998042,34.8,64.6,N/A,N/A,N/A,1.7173666666666667,0.16573333333333334,0.33688333333333337,0.8286666666666667,4.232306957244873,51.726402537027994,77.36759643554687,29.134708404541016,43.57268320719401,45.78173065185547,44.822669219970706,61.67770239512126,159.41932983398436,48.6469612121582,32.88247588475545,11.916868209838867,11.26272201538086,5.816193103790283,6.199444770812988,2.400776433944702,1.2172613143920898,1.8044984340667725,True,N/A,AVG_5_MIN,N/A
NaN,Wing,NaN,0,2025-11-17T02:18:26.787898,34.82833333333333,65.47333333333333,N/A,N/A,N/A,1.7045166666666667,0.16561666666666666,0.34435,0.8846166666666666,4.232306957244873,50.763536834716795,76.46869354248047,29.01699244181315,43.037750244140625,45.212307612101235,44.16991195678711,60.9413948059082,159.1653839111328,48.41430263519287,32.607165050506595,11.837422370910645,11.26272201538086,5.816193103790283,6.199444770812988,2.363264298439026,1.2172613143920898,1.8044984340667725,True,N/A,AVG_5_MIN,N/A
NaN,Wing,NaN,0,2025-11-17T02:27:14.399656,34.81833333333333,67.06,N/A,N/A,N/A,1.7264,0.16768333333333335,0.3483833333333333,0.9777333333333333,4.232306957244873,49.690178934733076,75.53879241943359,28.354840151468913,43.037750244140625,44.8478754679362,43.52552337646485,60.34607925415039,158.28634033203124,48.22394561767578,32.693199729919435,11.53950047492981,11.26272201538086,5.816193103790283,6.169923607508341,2.363264298439026,1.2172613143920898,1.8044984340667725,True,N/A,AVG_5_MIN,N/A
NaN,Wing,NaN,0,2025-11-17T02:36:01.868820,34.88166666666667,67.10333333333334,N/A,N/A,N/A,1.7156,0.16728333333333334,0.3613,0.9588833333333333,4.232306957244873,48.67995758056641,74.53140602111816,28.25183868408203,42.72165349324544,44.41511154174805,42.97319030761719,59.750763702392575,157.64170837402344,48.22394561767578,32.05654287338257,11.519639015197754,11.26272201538086,5.816193103790283,6.022317790985108,2.3445082306861877,1.2172613143920898,1.8044984340667725,True,N/A,AVG_5_MIN,N/A
NaN,Wing,NaN,0,2025-11-17T02:44:49.780500,34.90333333333333,67.11333333333333,N/A,N/A,N/A,1.7204333333333333,0.1675,0.3610333333333333,0.8790166666666667,4.232306957244873,47.685523414611815,73.52401428222656,28.25183868408203,42.30829620361328,43.8570769627889,42.412488555908205,59.17894795735677,156.9775421142578,48.216895294189456,31.660783131917317,11.519639015197754,11.26272201538086,5.816193103790283,6.007557209332784,2.2882400274276735,1.2172613143920898,1.8044984340667725,True,N/A,AVG_5_MIN,N/A
NaN,Wing,NaN,0,2025-11-17T02:53:37.296957,34.985,67.92333333333333,N/A,N/A,N/A,1.7399166666666668,0.16801666666666668,0.3605833333333333,0.9159,4.2181992650032045,46.7068728129069,72.53211975097656,28.25183868408203,42.28398106892904,43.526811599731445,41.860155487060545,58.65413360595703,155.92268981933594,47.89963073730469,31.695196946461994,11.519639015197754,11.249314006169637,5.816193103790283,5.815669647852579,2.2694839596748353,1.2172613143920898,1.8044984340667725,True,N/A,AVG_5_MIN,N/A
NaN,Wing,NaN,0,2025-11-17T03:02:24.824803,35.001666666666665,68.88166666666666,N/A,N/A,N/A,1.7085333333333335,0.16716666666666669,0.3629833333333333,0.9323,4.091230034828186,45.36517588297526,71.32325121561686,27.53082841237386,41.420793787638345,42.62712084452311,41.132080078125,57.86299057006836,154.4576171875,47.56826763153076,31.815645472208658,11.519639015197754,10.780033683776855,5.816193103790283,5.343331034978231,2.250727891921997,1.2172613143920898,1.8044984340667725,True,N/A,AVG_5_MIN,N/A
NaN,Wing,NaN,0,2025-11-17T03:11:12.724191,35.001666666666665,69.01333333333334,N/A,N/A,N/A,1.7026833333333333,0.16703333333333334,0.36214999999999997,0.9458666666666666,3.5410300374031065,44.30760173797607,70.3778564453125,27.368968963623047,40.849388122558594,42.03491942087809,40.57974700927734,57.189345296223955,153.26602478027343,47.37791061401367,31.59195505777995,11.254819552103678,10.45824146270752,5.788496955235799,5.3285704533259075,2.250727891921997,1.2172613143920898,1.8044984340667725,True,N/A,AVG_5_MIN,N/A
NaN,Wing,NaN,0,2025-11-17T03:20:00.480188,35.0,68.99333333333334,N/A,N/A,N/A,1.7030666666666667,0.16703333333333334,0.3615,0.9431499999999999,3.385845422744751,43.51836929321289,69.41695861816406,27.368968963623047,40.5697655359904,41.613545989990236,40.15294418334961,56.72719497680664,152.269775390625,47.17345123291015,31.316643619537352,11.12240982055664,10.45824146270752,5.636168138186137,5.313809871673584,2.250727891921997,1.2172613143920898,1.8044984340667725,True,N/A,AVG_5_MIN,N/A
NaN,Wing,NaN,0,2025-11-17T03:28:47.957169,35.0,69.235,N/A,N/A,N/A,1.7076166666666668,0.16733333333333333,0.37885,0.94,3.385845422744751,42.6186408996582,68.65753936767578,26.986392084757487,40.119937896728516,41.0099541982015,39.67592926025391,56.30420761108398,151.27352600097657,46.954891204833984,30.766021315256754,11.12240982055664,10.45824146270752,5.553079692522685,5.313809871673584,2.250727891921997,1.2172613143920898,1.8044984340667725,True,N/A,AVG_5_MIN,N/A
NaN,Wing,NaN,0,2025-11-17T03:37:35.507264,34.998333333333335,69.33166666666666,N/A,N/A,N/A,1.7149166666666666,0.168,0.35156666666666664,0.9409166666666666,3.385845422744751,41.908329010009766,67.88262176513672,26.486099243164062,40.08346519470215,40.95301183064779,39.3160758972168,55.928218841552734,150.45308532714844,46.9055393854777,30.817642084757487,11.12240982055664,10.45824146270752,5.442295098304749,5.313809871673584,2.250727891921997,1.2172613143920898,1.8044984340667725,True,N/A,AVG_5_MIN,N/A
NaN,Wing,NaN,0,2025-11-17T03:46:22.978620,34.99666666666667,69.31333333333333,N/A,N/A,N/A,1.7173666666666667,0.168,0.35851666666666665,0.9414666666666666,3.385845422744751,41.34008083343506,67.0302193959554,26.486099243164062,39.42695655822754,40.31525802612305,39.0482780456543,55.57572937011719,149.6521789550781,46.53187561035156,30.92088368733724,11.12240982055664,10.45824146270752,5.276118206977844,5.313809871673584,2.250727891921997,1.2172613143920898,1.8044984340667725,True,N/A,AVG_5_MIN,N/A
NaN,Wing,NaN,0,2025-11-17T03:55:10.486641,34.973333333333336,69.42,N/A,N/A,N/A,1.7168666666666668,0.168,0.36214999999999997,0.9445333333333333,3.385845422744751,40.72447967529297,66.25530242919922,26.486099243164062,39.36616872151693,40.16720720926921,38.6633186340332,55.129245376586915,148.8512725830078,46.53187561035156,30.662779553731283,11.12240982055664,10.45824146270752,5.137637464205424,5.313809871673584,2.250727891921997,1.2172613143920898,1.8044984340667725,True,N/A,AVG_5_MIN,N/A
NaN,Wing,NaN,0,2025-11-17T04:03:58.201508,34.94166666666666,69.44833333333334,N/A,N/A,N/A,1.7133166666666666,0.168,0.35728333333333334,0.9524833333333332,3.385845422744751,40.01416778564453,65.61986999511718,26.2800963083903,38.86770846048991,39.6319465637207,38.33694000244141,54.768923950195315,148.0699005126953,46.30626729329427,30.645572566986083,11.12240982055664,10.45824146270752,5.068397092819214,5.313809871673584,2.250727891921997,1.2172613143920898,1.8044984340667725,True,N/A,AVG_5_MIN,N/A
NaN,Wing,NaN,0,2025-11-17T04:12:45.636639,34.91,69.53166666666667,N/A,N/A,N/A,1.7086666666666668,0.168,0.3785833333333333,0.9529666666666666,3.385845422744751,39.77739715576172,65.09292602539062,25.61794401804606,38.66102981567383,39.6319465637207,38.161197662353516,54.51826477050781,147.64014587402343,46.10886001586914,30.66277945836385,11.01648203531901,10.45824146270752,5.026852869987488,5.313809871673584,2.250727891921997,1.2172613143920898,1.8044984340667725,True,N/A,AVG_5_MIN,N/A
NaN,Wing,NaN,0,2025-11-17T04:21:33.259604,34.9,69.655,N/A,N/A,N/A,1.7088,0.168,0.39526666666666666,0.9524999999999999,3.385845422744751,38.940810966491696,64.39550590515137,25.603229522705078,38.648872248331706,39.210573514302574,37.70092010498047,54.1971076965332,146.68296508789064,46.10886001586914,30.5423308690389,10.811246951421102,10.45824146270752,5.054549018541972,5.313809871673584,2.250727891921997,1.2172613143920898,1.8044984340667725,True,N/A,AVG_5_MIN,N/A
NaN,Wing,NaN,0,2025-11-17T04:30:20.720372,34.9,69.825,N/A,N/A,N/A,1.7044833333333334,0.168,0.4006166666666667,0.9527666666666667,3.385845422744751,38.62511723836263,63.91505889892578,25.603229522705078,37.98020604451497,38.948638916015625,37.5000717163086,53.844618225097655,145.96019592285157,45.946702575683595,29.90567413965861,10.725180625915527,10.45824146270752,4.999156721433004,5.313809871673584,2.250727891921997,1.2172613143920898,1.8044984340667725,True,N/A,AVG_5_MIN,N/A
NaN,Wing,NaN,0,2025-11-17T04:39:08.319282,34.89833333333333,69.935,N/A,N/A,N/A,1.6999166666666667,0.168,0.4111,0.9559333333333333,3.385845422744751,37.883235931396484,63.21763305664062,25.51494255065918,37.84647280375163,38.458932367960614,37.15695571899414,53.4294651667277,145.02254943847657,45.68584060668945,29.991709105173747,10.725180625915527,10.45824146270752,4.985308647155762,5.313809871673584,2.250727891921997,1.2172613143920898,1.8044984340667725,True,N/A,AVG_5_MIN,N/A
NaN,Wing,NaN,0,2025-11-17T04:47:55.822716,34.82333333333333,70.01,N/A,N/A,N/A,1.6911,0.16798333333333335,0.45721666666666666,0.9610166666666666,3.385845422744751,37.29920406341553,62.318728637695315,24.867504755655926,37.32369740804037,38.219773610432945,36.780364990234375,53.03781280517578,144.10443725585938,45.59418722788493,29.785225709279377,10.725180625915527,10.45824146270752,4.985308647155762,5.313809871673584,2.250727891921997,1.2071174701054892,1.8044984340667725,True,N/A,AVG_5_MIN,N/A
NaN,Wing,NaN,0,2025-11-17T04:56:43.277308,34.8,69.925,N/A,N/A,N/A,1.6822333333333332,0.1679166666666667,0.39866666666666667,0.9608833333333333,3.385845422744751,36.79409484863281,61.54381415049235,24.720359802246094,36.98328552246094,37.61618518829346,36.387036895751955,52.473829650878905,143.01051635742186,45.26282501220703,30.094950866699218,10.725180625915527,10.45824146270752,4.985308647155762,5.313809871673584,2.250727891921997,1.1969736258188883,1.8044984340667725,True,N/A,AVG_5_MIN,N/A
NaN,Wing,NaN,0,2025-11-17T05:05:30.908594,34.8,69.83,N/A,N/A,N/A,1.6739333333333333,0.1675,0.41663333333333336,0.9612333333333333,3.385845422744751,35.98907470703125,60.92388076782227,24.720359802246094,36.48482526143392,37.26314112345378,36.102501678466794,52.07434158325195,141.89706115722657,45.03721669514974,29.940088272094727,10.725180625915527,10.337569522857667,4.985308647155762,5.313809871673584,2.250727891921997,1.1158228715260823,1.8044984340667725,True,N/A,AVG_5_MIN,N/A
NaN,Wing,NaN,0,2025-11-17T05:14:18.391970,34.8,69.83166666666666,N/A,N/A,N/A,1.6673833333333332,0.16746666666666668,0.40886666666666666,0.96485,3.385845422744751,35.72073465983073,60.44343185424805,24.411354732513427,36.24167512257894,36.98981653849284,35.717542266845705,51.74535140991211,141.0570861816406,44.85390993754069,29.527121353149415,10.51332556406657,10.09622564315796,4.985308647155762,5.313809871673584,2.250727891921997,0.9839528958002727,1.8044984340667725,True,N/A,AVG_5_MIN,N/A
NaN,Wing,NaN,0,2025-11-17T05:23:05.699038,34.8,69.68166666666666,N/A,N/A,N/A,1.6552,0.16713333333333336,0.40415,0.9682,3.385845422744751,35.94172058105469,60.257452392578124,24.426069259643555,36.4726676940918,37.02398211161296,35.73427963256836,51.761017608642575,141.74078674316405,44.86096019744873,29.974502182006837,10.725180625915527,10.45824146270752,4.985308647155762,5.313809871673584,2.250727891921997,1.1563982486724853,1.8044984340667725,True,N/A,AVG_5_MIN,N/A
NaN,Wing,NaN,0,2025-11-17T05:31:53.111005,34.77333333333333,69.67,N/A,N/A,N/A,1.6522666666666666,0.167,0.43265000000000003,0.9683666666666666,3.385845422744751,35.0419921875,59.51353454589844,23.866917228698732,36.35109265645345,36.89870834350586,35.65059280395508,51.56519120534261,140.64686584472656,44.83980941772461,29.47550048828125,10.711939684549968,10.45824146270752,4.985308647155762,5.313809871673584,2.250727891921997,1.054959805806478,1.8044984340667725,True,N/A,AVG_5_MIN,N/A
NaN,Wing,NaN,0,2025-11-17T05:40:41.034745,34.733333333333334,69.745,N/A,N/A,N/A,1.6519166666666667,0.16733333333333333,0.3877333333333333,0.9754833333333333,3.385845422744751,35.0419921875,58.8781047185262,23.837488174438477,35.75537497202556,36.83037757873535,35.24889602661133,51.228370666503906,139.96316528320312,44.76930618286133,29.854053497314453,10.40739803314209,10.418017482757568,4.985308647155762,5.313809871673584,2.250727891921997,1.004240584373474,1.8044984340667725,True,N/A,AVG_5_MIN,N/A
NaN,Wing,NaN,0,2025-11-17T05:49:29.409692,34.79833333333333,69.30666666666667,N/A,N/A,N/A,1.65365,0.16840000000000002,0.36629999999999996,0.9805833333333334,3.385845422744751,34.236975288391115,58.58363723754883,23.837488174438477,35.74321746826172,36.22678915659586,35.14847183227539,50.868048095703124,139.45527369181315,44.46614227294922,29.630363082885744,10.354434267679851,10.377793502807616,4.985308647155762,5.313809871673584,2.250727891921997,0.8622267643610636,1.8044984340667725,True,N/A,AVG_5_MIN,N/A
NaN,Wing,NaN,0,2025-11-17T05:58:17.367926,34.8,68.95666666666666,N/A,N/A,N/A,1.67105,0.16871666666666668,0.3493833333333333,0.958,3.371737734476725,34.094913482666016,57.74672622680664,23.70505771636963,35.59732666015625,36.21540069580078,34.87230529785156,50.6565544128418,138.57624155680338,44.41679000854492,29.165775299072266,10.32795238494873,10.404609489440919,4.985308647155762,5.313809871673584,2.250727891921997,0.8216513872146607,1.8044984340667725,True,N/A,AVG_5_MIN,N/A
NaN,Wing,NaN,0,2025-11-17T06:07:04.922178,34.87,69.12666666666667,N/A,N/A,N/A,1.6902833333333334,0.16915000000000002,0.33795000000000003,0.9637666666666667,3.385845422744751,33.66872634887695,57.498753229777016,23.028190930684406,35.013763427734375,35.862356440226236,34.6463508605957,50.257066345214845,137.8339416503906,44.16298065185547,28.959291839599608,10.32795238494873,10.203489589691163,4.985308647155762,5.313809871673584,2.250727891921997,0.7202129443486531,1.8044984340667725,True,N/A,AVG_5_MIN,N/A
NaN,Wing,NaN,0,2025-11-17T06:15:52.392581,34.89833333333333,68.93,N/A,N/A,N/A,1.7007166666666667,0.16983333333333334,0.3703166666666667,0.9687166666666667,3.385845422744751,33.147830963134766,56.723838806152344,22.954618453979492,34.807084782918295,35.47514692942301,34.1693359375,49.724416414896645,136.66188354492186,43.92327117919922,28.701187515258788,10.32795238494873,9.801249790191651,4.985308647155762,5.16620405515035,2.250727891921997,0.649206034342448,1.8044984340667725,True,N/A,AVG_5_MIN,N/A
NaN,Wing,NaN,0,2025-11-17T06:24:40.165058,34.901666666666664,69.34166666666667,N/A,N/A,N/A,1.72605,0.17103333333333334,0.36683333333333334,0.9947333333333334,3.385845422744751,32.37438335418701,55.91792449951172,22.954618453979492,34.28430938720703,34.84878158569336,33.71742706298828,49.30926513671875,135.39215393066405,43.57075500488281,29.01091276804606,10.32795238494873,9.653761863708496,4.985308647155762,4.708626023928324,2.250727891921997,0.6390621900558472,1.8044984340667725,True,N/A,AVG_5_MIN,N/A
NaN,Wing,NaN,0,2025-11-17T06:33:28.066879,34.97,69.37,N/A,N/A,N/A,1.7205333333333335,0.17193333333333333,0.36521666666666663,1.00395,3.385845422744751,32.20075225830078,55.79393768310547,22.719186528523764,34.25999425252279,34.84878158569336,33.64210891723633,48.972441864013675,134.80612487792968,43.57075500488281,28.8732572555542,10.32795238494873,9.653761863708496,4.985308647155762,4.826710677146911,2.250727891921997,0.6187745014826457,1.8044984340667725,True,N/A,AVG_5_MIN,N/A
NaN,Wing,NaN,0,2025-11-17T06:42:15.857292,35.0,69.855,N/A,N/A,N/A,1.7555333333333334,0.17313333333333333,0.36838333333333334,1.0412333333333332,3.385845422744751,32.20075225830078,55.09651470184326,22.08646322886149,33.676431020100914,34.59823404947917,33.3073616027832,48.62778549194336,134.08335571289064,43.3592472076416,28.95929199854533,10.32795238494873,9.653761863708496,4.985308647155762,4.634823115666707,2.250727891921997,0.6086306571960449,1.8044984340667725,True,N/A,AVG_5_MIN,N/A
NaN,Wing,NaN,0,2025-11-17T06:51:03.740123,35.001666666666665,69.81666666666666,N/A,N/A,N/A,1.7483166666666667,0.17334999999999998,0.3377,1.0589166666666667,3.385845422744751,31.569363911946613,54.86404037475586,22.071748733520508,33.55485534667969,34.165470123291016,33.13998794555664,48.4084587097168,133.61453247070312,43.14773941040039,28.856050459543862,10.314711411794027,9.653761863708496,4.985308647155762,4.47245671749115,2.250727891921997,0.6086306571960449,1.8044984340667725,True,N/A,AVG_5_MIN,N/A
NaN,Wing,NaN,0,2025-11-17T06:59:51.710856,35.0,69.87666666666667,N/A,N/A,N/A,1.7233333333333334,0.1733333333333333,0.33598333333333336,1.0504166666666666,3.385845422744751,31.25366973876953,54.12011947631836,22.071748733520508,33.49406750996908,34.165470123291016,33.039563751220705,48.157799530029294,133.00896911621095,43.14773941040039,28.27101443608602,10.175681193669638,9.653761863708496,4.985308647155762,4.487217299143473,2.250727891921997,0.6187745014826457,1.8044984340667725,True,N/A,AVG_5_MIN,N/A
NaN,Wing,NaN,0,2025-11-17T07:08:39.648265,34.998333333333335,69.81,N/A,N/A,N/A,1.7310666666666668,0.17386666666666664,0.3352333333333333,1.0469,3.385845422744751,31.25366973876953,53.934139251708984,22.071748733520508,32.837558873494466,33.7327086130778,32.63786697387695,47.91497364044189,132.42294006347657,42.96443265279134,28.64956719080607,9.94396416346232,9.653761863708496,4.985308647155762,4.442935554186503,2.250727891921997,0.6187745014826457,1.8044984340667725,True,N/A,AVG_5_MIN,N/A
NaN,Wing,NaN,0,2025-11-17T07:17:27.394197,34.928333333333335,69.73,N/A,N/A,N/A,1.7178,0.1737,0.3395,1.0407333333333333,3.385845422744751,30.73277540206909,53.283211135864256,22.027605247497558,32.825401306152344,33.48216247558594,32.63786697387695,47.49982274373372,131.50482788085938,42.73177407582601,28.047324180603027,9.930723190307617,9.653761863708496,4.985308647155762,4.42817497253418,2.250727891921997,0.6086306571960449,1.8044984340667725,True,N/A,AVG_5_MIN,N/A
NaN,Wing,NaN,0,2025-11-17T07:26:15.240806,34.94,69.60666666666667,N/A,N/A,N/A,1.7173666666666667,0.17338333333333333,0.3371166666666667,1.04105,3.385845422744751,30.306589126586914,53.004241943359375,21.439025433858237,32.825401306152344,33.48216247558594,32.28638229370117,47.452824401855466,131.27041625976562,42.72472381591797,27.73759911855062,9.930723190307617,9.653761863708496,4.985308647155762,4.42817497253418,2.250727891921997,0.6086306571960449,1.8044984340667725,True,N/A,AVG_5_MIN,N/A
NaN,Wing,NaN,0,2025-11-17T07:35:02.790700,34.915,69.67166666666667,N/A,N/A,N/A,1.7254333333333334,0.17343333333333333,0.35248333333333337,1.0512,3.385845422744751,30.306589126586914,52.97324536641439,21.188879013061523,32.8010861714681,33.48216247558594,32.135746002197266,47.05333633422852,130.5671813964844,42.72472381591797,27.995703188578286,9.930723190307617,9.653761863708496,4.985308647155762,4.42817497253418,2.250727891921997,0.6086306571960449,1.8044984340667725,True,N/A,AVG_5_MIN,N/A
NaN,Wing,NaN,0,2025-11-17T07:43:50.229924,34.901666666666664,70.035,N/A,N/A,N/A,1.7312166666666666,0.17353333333333332,0.4342,1.0848833333333334,3.385845422744751,30.306589126586914,52.10534121195475,21.188879013061523,32.278310775756836,33.470774014790855,32.085533905029294,46.90450744628906,130.09835815429688,42.59076766967773,27.80642687479655,9.930723190307617,9.653761863708496,4.985308647155762,4.42817497253418,2.250727891921997,0.6086306571960449,1.8044984340667725,True,N/A,AVG_5_MIN,N/A
NaN,Wing,NaN,0,2025-11-17T09:42:47.145373,32.361666666666665,74.97166666666666,N/A,N/A,N/A,1.3985,0.16721666666666668,0.30161666666666664,0.7708,3.385845422744751,48.506325785319014,113.60265998840332,28.34012565612793,44.071143023173015,60.39316495259603,50.44642791748047,71.25756657918295,189.87327575683594,57.86873251597087,63.95822124481201,14.068524440129599,11.356577968597412,7.464114888509115,7.085079669952393,4.051310253143311,1.2172613143920898,1.8044984340667725,True,N/A,AVG_5_MIN,N/A
NaN,Wing,NaN,0,2025-11-17T09:51:35.565977,33.480000000000004,70.635,N/A,N/A,N/A,1.4462166666666667,0.167,0.29945,0.7663333333333333,3.385845422744751,48.09592418670654,113.04472045898437,28.25183868408203,43.60915590922038,59.778187115987144,49.99451904296875,70.52125625610351,187.88077697753906,57.45981661478678,63.42480672200521,13.9030122756958,11.26272201538086,7.477962970733643,7.085079669952393,3.6574329137802124,1.2172613143920898,1.8044984340667725,True,N/A,AVG_5_MIN,N/A
NaN,Wing,NaN,0,2025-11-17T10:00:23.916547,33.925,69.26166666666667,N/A,N/A,N/A,1.4797500000000001,0.16701666666666667,0.29185,0.7688,3.385845422744751,47.35404586791992,111.866845703125,27.633829879760743,43.037750244140625,58.91266110738118,49.45055465698242,69.77711181640625,185.86874389648438,56.987448120117186,63.08066851298015,13.9030122756958,11.26272201538086,7.436418724060059,7.085079669952393,3.694945041338603,1.2172613143920898,1.8044984340667725,True,N/A,AVG_5_MIN,N/A
NaN,Wing,NaN,0,2025-11-17T10:09:12.228737,34.24666666666667,68.42166666666667,N/A,N/A,N/A,1.5196,0.16753333333333334,0.28709999999999997,0.77,3.385845422744751,47.243552907307944,111.27791086832683,27.368968963623047,42.5879202524821,58.75322182973226,49.14091339111328,69.29145965576171,184.61854858398436,56.65608317057292,62.71932233174642,13.9030122756958,11.26272201538086,7.173305161794027,7.085079669952393,3.5261404673258463,1.2172613143920898,1.8044984340667725,True,N/A,AVG_5_MIN,N/A
NaN,Wing,NaN,0,2025-11-17T10:18:00.380916,34.455,68.07333333333334,N/A,N/A,N/A,1.5542833333333332,0.168,0.28601666666666664,0.7796166666666667,3.385845422744751,46.40696334838867,110.54949340820312,27.368968963623047,42.29613863627116,58.10407956441244,48.70574188232422,68.75097579956055,183.32928466796875,56.2683188756307,62.185906982421876,13.83018692334493,11.26272201538086,6.840951188405355,7.070319088300069,3.4136040846506757,1.2172613143920898,1.8044984340667725,True,N/A,AVG_5_MIN,N/A
NaN,Wing,NaN,0,2025-11-17T10:26:48.596510,34.583333333333336,67.84166666666667,N/A,N/A,N/A,1.5784333333333334,0.16861666666666666,0.2835,0.7916333333333334,3.385845422744751,46.40696334838867,109.71258239746093,27.030535570780437,41.712575403849286,57.8193665822347,48.30404510498047,68.24182434082032,182.1572354634603,55.89465510050456,61.669698333740236,13.51902405420939,11.26272201538086,6.744014612833658,6.907952690124512,3.376091957092285,1.2172613143920898,1.8044984340667725,True,N/A,AVG_5_MIN,N/A
NaN,Wing,NaN,0,2025-11-17T10:35:36.472738,34.685,67.96166666666667,N/A,N/A,N/A,1.6146833333333335,0.16961666666666667,0.2798,0.8215166666666667,3.385845422744751,46.059701156616214,109.26313018798828,26.603815205891927,41.6153148651123,57.773812484741214,48.06972096761068,67.95983581542968,181.41493657430013,55.69724655151367,61.8589745203654,13.51240356763204,11.26272201538086,6.771710777282715,6.789868036905925,3.376091957092285,1.2172613143920898,1.8044984340667725,True,N/A,AVG_5_MIN,N/A
NaN,Wing,NaN,0,2025-11-17T10:44:24.408157,34.78,67.93833333333333,N/A,N/A,N/A,1.6409166666666666,0.17025,0.2843,0.8440166666666666,3.385845422744751,45.45988464355469,108.5037109375,26.486099243164062,41.068224334716795,57.341048876444496,47.70149612426758,67.42718963623047,180.18427734375,55.41523361206055,61.187903594970706,13.505783081054688,11.26272201538086,6.647078037261963,6.420853495597839,3.376091957092285,1.2172613143920898,1.8044984340667725,True,N/A,AVG_5_MIN,N/A
NaN,Wing,NaN,0,2025-11-17T10:53:12.485134,34.80166666666666,67.80333333333333,N/A,N/A,N/A,1.6403666666666665,0.17018333333333335,0.28093333333333337,0.8414999999999999,3.385845422744751,45.45988464355469,108.3332290649414,26.486099243164062,41.01959406534831,57.1929988861084,47.70149612426758,67.2078628540039,179.77405700683593,55.30947971343994,61.119076029459634,13.505783081054688,11.26272201538086,6.660926119486491,6.450374658902486,3.376091957092285,1.2172613143920898,1.8044984340667725,True,N/A,AVG_5_MIN,N/A
NaN,Wing,NaN,0,2025-11-17T11:02:00.728452,34.864999999999995,67.49666666666667,N/A,N/A,N/A,1.6222,0.1698,0.27898333333333336,0.8181166666666666,3.385845422744751,45.45988464355469,107.86827850341797,26.456670252482095,40.849388122558594,57.39799118041992,47.70149612426758,67.2078628540039,179.4029052734375,55.37998231252035,60.89538599650065,13.505783081054688,11.26272201538086,6.660926119486491,6.435614077250163,3.376091957092285,1.2172613143920898,1.8044984340667725,True,N/A,AVG_5_MIN,N/A
NaN,Wing,NaN,0,2025-11-17T11:10:48.844605,34.9,67.35,N/A,N/A,N/A,1.6205666666666667,0.1699166666666667,0.2790166666666667,0.8138166666666666,3.385845422744751,45.45988464355469,107.82178382873535,25.794517962137856,40.849388122558594,57.39799118041992,47.28306198120117,66.82404098510742,179.16849365234376,54.992218017578125,61.29114526112874,13.505783081054688,11.26272201538086,6.647078037261963,6.391332332293192,3.376091957092285,1.2172613143920898,1.8044984340667725,True,N/A,AVG_5_MIN,N/A
NaN,Wing,NaN,0,2025-11-17T11:19:36.808536,34.9,67.09833333333333,N/A,N/A,N/A,1.6185666666666667,0.16988333333333336,0.2780666666666667,0.8111,3.385845422744751,45.44409993489583,106.93838500976562,25.603229522705078,40.849388122558594,57.02217197418213,47.19937515258789,66.6595458984375,178.23084716796876,54.9851676940918,61.13628266652425,13.505783081054688,11.26272201538086,6.647078037261963,6.317529424031576,3.376091957092285,1.2172613143920898,1.8044984340667725,True,N/A,AVG_5_MIN,N/A
NaN,Wing,NaN,0,2025-11-17T11:28:24.644322,34.9,67.14166666666667,N/A,N/A,N/A,1.6111833333333334,0.1699166666666667,0.2760166666666667,0.8047000000000001,3.385845422744751,44.70221862792969,106.93838500976562,25.603229522705078,40.39956048329671,56.714683532714844,46.99852676391602,66.26789093017578,178.11364135742187,54.59034957885742,61.06745491027832,13.505783081054688,11.26272201538086,6.647078037261963,6.2880082607269285,3.376091957092285,1.2172613143920898,1.8044984340667725,True,N/A,AVG_5_MIN,N/A
NaN,Wing,NaN,0,2025-11-17T11:37:12.316826,34.89833333333333,66.81166666666667,N/A,N/A,N/A,1.60585,0.16986666666666667,0.27671666666666667,0.8016166666666668,3.385845422744751,44.51280212402344,106.48893280029297,25.603229522705078,40.119937896728516,56.714683532714844,46.6972541809082,66.22089233398438,177.01972045898438,54.56919860839844,61.23952452341715,13.505783081054688,11.26272201538086,6.647078037261963,6.302768842379252,3.376091957092285,1.2172613143920898,1.8044984340667725,True,N/A,AVG_5_MIN,N/A
NaN,Wing,NaN,0,2025-11-17T11:46:00.321274,34.894999999999996,66.86166666666666,N/A,N/A,N/A,1.5995833333333334,0.17013333333333336,0.27690000000000003,0.7997000000000001,3.385845422744751,44.51280212402344,106.00848388671875,25.36779759724935,40.119937896728516,56.714683532714844,46.6972541809082,65.79790496826172,176.96111755371095,54.385891850789385,60.74052403767904,13.505783081054688,11.26272201538086,6.647078037261963,6.2584870974222815,3.376091957092285,1.2172613143920898,1.8044984340667725,True,N/A,AVG_5_MIN,N/A
NaN,Wing,NaN,0,2025-11-17T11:54:48.326739,34.9,66.72833333333334,N/A,N/A,N/A,1.59705,0.17003333333333334,0.2779666666666667,0.8016833333333334,3.385845422744751,44.51280212402344,105.96198883056641,24.720359802246094,40.119937896728516,56.714683532714844,46.63867340087891,65.79007186889649,176.23834838867188,54.146183013916016,60.51683368682861,13.505783081054688,11.26272201538086,6.647078037261963,6.243726515769959,3.376091957092285,1.2172613143920898,1.8044984340667725,True,N/A,AVG_5_MIN,N/A
NaN,Wing,NaN,0,2025-11-17T12:03:36.314993,34.9,66.93,N/A,N/A,N/A,1.5886166666666668,0.1701,0.2786,0.7955500000000001,3.371737734476725,44.51280212402344,105.07858276367188,24.720359802246094,39.96188952128092,56.714683532714844,46.20350189208985,65.50024719238282,175.86719665527343,54.146183013916016,60.62007554372152,13.505783081054688,11.26272201538086,6.647078037261963,6.228965934117635,3.376091957092285,1.2172613143920898,1.8044984340667725,True,N/A,AVG_5_MIN,N/A
NaN,Wing,NaN,0,2025-11-17T12:12:24.370161,34.90833333333333,66.88,N/A,N/A,N/A,1.5799,0.1699166666666667,0.27558333333333335,0.7873,3.371737734476725,44.51280212402344,105.07858276367188,24.720359802246094,39.39048385620117,56.145257314046226,46.195133209228516,65.32791900634766,175.73045654296874,53.976976776123045,60.53404083251953,13.505783081054688,11.26272201538086,6.647078037261963,6.199444770812988,3.376091957092285,1.2172613143920898,1.8044984340667725,True,N/A,AVG_5_MIN,N/A
NaN,Wing,NaN,0,2025-11-17T12:21:12.035077,34.99666666666667,67.11166666666666,N/A,N/A,N/A,1.5735666666666668,0.16985,0.27443333333333336,0.78235,3.385845422744751,44.48123283386231,105.06308453877767,24.720359802246094,39.39048385620117,56.0313720703125,46.144921112060544,65.03026123046875,174.81234436035157,53.723167419433594,60.82655906677246,13.505783081054688,11.26272201538086,6.647078037261963,6.199444770812988,3.376091957092285,1.2172613143920898,1.8044984340667725,True,N/A,AVG_5_MIN,N/A
NaN,Wing,NaN,0,2025-11-17T12:30:00.035663,34.986666666666665,67.02833333333334,N/A,N/A,N/A,1.5651833333333334,0.16933333333333334,0.27340000000000003,0.7781,3.385845422744751,43.73935451507568,104.14868927001953,24.587929058074952,39.39048385620117,56.0313720703125,45.70974960327148,64.8579330444336,174.63653564453125,53.723167419433594,60.48241996765137,13.499162610371908,11.26272201538086,6.647078037261963,6.199444770812988,3.376091957092285,1.2172613143920898,1.8044984340667725,True,N/A,AVG_5_MIN,N/A
NaN,Wing,NaN,0,2025-11-17T12:38:47.932331,34.995,67.01166666666667,N/A,N/A,N/A,1.5624166666666668,0.16898333333333335,0.27105,0.7776333333333334,3.385845422744751,43.56572341918945,104.14868927001953,23.999347972869874,39.29322331746419,56.0313720703125,45.69301223754883,64.66210556030273,174.20678100585937,53.41295318603515,60.13828086853027,13.353512255350749,11.26272201538086,6.647078037261963,6.199444770812988,3.376091957092285,1.2172613143920898,1.8044984340667725,True,N/A,AVG_5_MIN,N/A
NaN,Wing,NaN,0,2025-11-17T12:47:35.997816,35.0,67.09333333333333,N/A,N/A,N/A,1.5589333333333333,0.16861666666666666,0.27158333333333334,0.7709666666666667,3.385845422744751,43.56572341918945,104.0092041015625,23.837488174438477,38.697502517700194,56.0313720703125,45.67627487182617,64.38794708251953,173.4644775390625,53.300148010253906,60.36197128295898,13.12179578145345,11.249314006169637,6.647078037261963,6.199444770812988,3.376091957092285,1.2172613143920898,1.8044984340667725,True,N/A,AVG_5_MIN,N/A
NaN,Wing,NaN,0,2025-11-17T12:56:23.679510,35.00833333333333,67.09833333333333,N/A,N/A,N/A,1.5829166666666667,0.16883333333333334,0.27105,0.8066833333333333,3.385845422744751,43.56572341918945,103.23428649902344,23.837488174438477,38.66102981567383,55.67832978566488,45.29968414306641,64.34094886779785,173.4644775390625,53.300148010253906,60.7749382019043,13.16151860555013,11.249314006169637,6.647078037261963,6.199444770812988,3.376091957092285,1.2172613143920898,1.8044984340667725,True,N/A,AVG_5_MIN,N/A
NaN,Wing,NaN,0,2025-11-17T13:05:11.560596,35.001666666666665,66.965,N/A,N/A,N/A,1.5743833333333332,0.1686666666666667,0.26903333333333335,0.82485,3.385845422744751,43.56572341918945,103.21878814697266,23.837488174438477,38.66102981567383,55.34806442260742,45.19089126586914,64.02762743631999,172.76124267578126,53.01108735402425,60.2415225982666,13.10855484008789,11.26272201538086,6.647078037261963,6.199444770812988,3.376091957092285,1.2172613143920898,1.8044984340667725,True,N/A,AVG_5_MIN,N/A
NaN,Wing,NaN,0,2025-11-17T13:13:59.559778,35.07,68.40333333333334,N/A,N/A,N/A,1.6322,0.17046666666666668,0.2687333333333333,0.8766666666666667,3.385845422744751,44.74957408905029,104.38115997314453,24.293638515472413,39.60932000478109,57.14744593302409,46.09470901489258,65.10859343210856,175.3007019042969,53.850070762634275,61.497629229227705,13.399855613708496,11.26272201538086,7.1040647506713865,6.686543965339661,3.376091957092285,1.2172613143920898,1.8044984340667725,True,N/A,AVG_5_MIN,N/A
NaN,Wing,NaN,0,2025-11-17T13:22:47.610159,35.150000000000006,70.29,N/A,N/A,N/A,1.6376333333333333,0.17221666666666666,0.26871666666666666,0.92255,3.385845422744751,45.45988464355469,105.07858276367188,24.720359802246094,40.53329302469889,58.764610290527344,46.6972541809082,65.91540145874023,177.15646057128907,54.56919860839844,62.34076925913493,13.850048383076986,11.26272201538086,7.477962970733643,7.085079669952393,3.39484802087148,1.2172613143920898,1.8044984340667725,True,N/A,AVG_5_MIN,N/A
NaN,Wing,NaN,0,2025-11-17T13:31:35.415964,35.29666666666667,70.185,N/A,N/A,N/A,1.6270833333333334,0.17135,0.2682,0.9337166666666666,3.385845422744751,45.45988464355469,105.07858276367188,24.558500003814697,40.277985445658366,58.764610290527344,46.6972541809082,65.82140426635742,177.0978576660156,54.56919860839844,62.23752759297689,13.869909842809042,11.329761981964111,7.477962970733643,7.085079669952393,3.39484802087148,1.2172613143920898,1.8044984340667725,True,N/A,AVG_5_MIN,N/A
NaN,Wing,NaN,0,2025-11-17T13:40:23.228399,35.45,68.89,N/A,N/A,N/A,1.6064166666666666,0.16975,0.26763333333333333,0.8773333333333333,3.385845422744751,45.45988464355469,105.07858276367188,24.146493244171143,40.132095400492354,58.764610290527344,46.6972541809082,65.80573806762695,177.00018615722655,54.44934418996175,62.0310443242391,13.856668869654337,11.329761981964111,7.477962970733643,7.085079669952393,3.39484802087148,1.2172613143920898,1.8044984340667725,True,N/A,AVG_5_MIN,N/A
NaN,Wing,NaN,0,2025-11-17T13:49:11.246389,35.5,68.86833333333334,N/A,N/A,N/A,1.62665,0.16970000000000002,0.26698333333333335,0.85895,3.385845422744751,45.45988464355469,105.07858276367188,23.837488174438477,40.119937896728516,58.75322182973226,46.6972541809082,65.79790496826172,176.98065185546875,54.146183013916016,62.082665061950685,13.883150815963745,11.369985961914063,7.477962970733643,7.085079669952393,3.376091957092285,1.2172613143920898,1.8044984340667725,True,N/A,AVG_5_MIN,N/A
NaN,Wing,NaN,0,2025-11-17T13:57:59.393770,35.495,69.44833333333334,N/A,N/A,N/A,1.6253833333333334,0.17011666666666667,0.2774166666666667,0.9054,3.385845422744751,48.67995986938477,106.13247121175131,24.0140625,40.98312441507975,59.037934112548825,46.236976623535156,65.71174087524415,176.51182861328124,54.37884229024251,60.51683279673259,13.658054447174072,11.584513854980468,7.325634066263834,6.907952690124512,3.4136040846506757,1.2172613143920898,1.8044984340667725,True,N/A,AVG_5_MIN,N/A
NaN,Wing,NaN,0,2025-11-17T14:06:47.179142,35.54833333333333,71.11166666666666,N/A,N/A,N/A,1.6270499999999999,0.1706666666666667,0.33376666666666666,0.9493499999999999,3.385845422744751,61.56026077270508,112.48677978515624,24.720359802246094,44.022513198852536,60.131229400634766,44.186649322509766,65.32791900634766,174.5193298339844,55.25307763417562,54.21909027099609,12.711325645446777,12.067201614379883,6.647078037261963,6.199444770812988,3.376091957092285,1.2172613143920898,1.8044984340667725,True,N/A,AVG_5_MIN,N/A
NaN,Wing,NaN,0,2025-11-17T14:15:34.856780,35.60333333333333,70.025,N/A,N/A,N/A,1.61635,0.17058333333333334,0.32478333333333337,0.97355,3.385845422744751,61.56026077270508,111.69636383056641,24.45549831390381,43.76720428466797,59.78957557678223,44.16991195678711,65.32791900634766,173.64028625488282,54.992218017578125,53.87495148976644,12.711325645446777,12.067201614379883,6.647078037261963,6.199444770812988,3.376091957092285,1.2172613143920898,1.8044984340667725,True,N/A,AVG_5_MIN,N/A
NaN,Wing,NaN,0,2025-11-17T14:24:22.814535,35.60666666666667,71.46166666666667,N/A,N/A,N/A,1.6332499999999999,0.17379999999999998,0.3287,1.01515,3.385845422744751,61.56026077270508,111.58787536621094,24.087635135650636,43.76720428466797,59.44792175292969,44.12806854248047,65.32791900634766,173.4840118408203,54.992218017578125,54.184676297505696,12.711325645446777,12.067201614379883,6.647078037261963,6.199444770812988,3.376091957092285,1.2172613143920898,1.8044984340667725,True,N/A,AVG_5_MIN,N/A
NaN,Wing,NaN,0,2025-11-17T14:33:10.530145,35.60166666666667,70.21,N/A,N/A,N/A,1.5948833333333334,0.17168333333333333,0.32271666666666665,1.0060166666666666,3.385845422744751,61.56026077270508,111.58787536621094,23.866917228698732,43.76720428466797,59.44792175292969,44.178280639648435,65.32791900634766,173.4644775390625,54.992218017578125,53.65126132965088,12.704705158869425,12.067201614379883,6.647078037261963,6.199444770812988,3.376091957092285,1.2172613143920898,1.8044984340667725,True,N/A,AVG_5_MIN,N/A
NaN,Wing,NaN,0,2025-11-17T14:41:58.271419,35.48,68.33,N/A,N/A,N/A,1.53565,0.16890000000000002,0.3219166666666667,0.96295,3.3999531149864195,61.56026077270508,111.16942329406739,23.837488174438477,43.76720428466797,59.44792175292969,44.186649322509766,65.32791900634766,173.4644775390625,54.992218017578125,54.0642276763916,12.678223212560018,12.067201614379883,6.647078037261963,6.199444770812988,3.376091957092285,1.2172613143920898,1.8044984340667725,True,N/A,AVG_5_MIN,N/A
NaN,Wing,NaN,0,2025-11-17T14:50:46.086893,35.38166666666667,68.36166666666666,N/A,N/A,N/A,1.5219833333333332,0.16821666666666668,0.3191833333333333,0.94565,3.385845422744751,61.56026077270508,110.6579818725586,23.837488174438477,43.76720428466797,59.44792175292969,44.186649322509766,65.32791900634766,173.23006591796874,54.87941284179688,53.53081232706706,12.58553640047709,12.067201614379883,6.647078037261963,6.199444770812988,3.376091957092285,1.2172613143920898,1.8044984340667725,True,N/A,AVG_5_MIN,N/A
NaN,Wing,NaN,0,2025-11-17T14:59:33.860016,35.305,68.055,N/A,N/A,N/A,1.4982,0.16716666666666669,0.30328333333333335,0.9296333333333334,3.385845422744751,61.56026077270508,109.77457580566406,23.837488174438477,43.70641644795736,59.42514470418294,44.186649322509766,65.32791900634766,172.31195373535155,54.57624893188476,53.530812136332194,12.420024236043295,12.067201614379883,6.647078037261963,6.199444770812988,3.376091957092285,1.2172613143920898,1.8044984340667725,True,N/A,AVG_5_MIN,N/A
NaN,Wing,NaN,0,2025-11-17T15:08:21.658178,35.3,69.165,N/A,N/A,N/A,1.5409833333333334,0.16906666666666667,0.31361666666666665,0.9664666666666666,3.385845422744751,61.56026077270508,109.49560546875,23.837488174438477,43.37816212972005,58.91266110738118,44.069487762451175,65.32791900634766,172.29241943359375,54.56919860839844,53.28991521199544,12.33395791053772,12.067201614379883,6.647078037261963,6.199444770812988,3.376091957092285,1.2172613143920898,1.8044984340667725,True,N/A,AVG_5_MIN,N/A
NaN,Wing,NaN,0,2025-11-17T15:17:09.340592,35.32833333333333,69.85,N/A,N/A,N/A,1.5563333333333333,0.16928333333333334,0.30478333333333335,0.9872666666666666,3.385845422744751,61.56026077270508,108.79817962646484,23.837488174438477,43.037750244140625,58.764610290527344,43.784952545166014,65.32008590698243,171.96033630371093,54.56919860839844,52.9973970413208,12.314096450805664,12.067201614379883,6.647078037261963,6.199444770812988,3.376091957092285,1.2172613143920898,1.8044984340667725,True,N/A,AVG_5_MIN,N/A
NaN,Wing,NaN,0,2025-11-17T15:25:56.905738,35.4,68.68833333333333,N/A,N/A,N/A,1.606,0.16963333333333336,0.3058666666666667,0.9851666666666666,3.385845422744751,61.56026077270508,108.72068786621094,23.837488174438477,43.037750244140625,58.764610290527344,43.70126571655273,65.13992462158203,171.1398956298828,54.28718821207682,53.11784553527832,12.314096450805664,12.067201614379883,6.647078037261963,6.199444770812988,3.376091957092285,1.2172613143920898,1.8044984340667725,True,N/A,AVG_5_MIN,N/A
NaN,Wing,NaN,0,2025-11-17T15:34:44.712611,35.4,68.27833333333334,N/A,N/A,N/A,1.6106,0.16978333333333334,0.3177,0.9773,3.385845422744751,61.29192072550456,107.86827850341797,23.822773679097494,43.037750244140625,58.764610290527344,43.68452835083008,65.1320915222168,171.120361328125,54.146183013916016,53.03181063334147,12.314096450805664,12.053793621063232,6.647078037261963,6.199444770812988,3.376091957092285,1.2172613143920898,1.8044984340667725,True,N/A,AVG_5_MIN,N/A
NaN,Wing,NaN,0,2025-11-17T15:43:32.781138,35.40833333333333,68.34166666666667,N/A,N/A,N/A,1.5286166666666667,0.16788333333333336,0.32521666666666665,0.9369,3.385845422744751,61.51290664672852,107.86827850341797,23.52848377227783,43.037750244140625,58.764610290527344,43.68452835083008,65.1085922241211,171.120361328125,54.146183013916016,53.44477704366048,12.314096450805664,12.067201614379883,6.647078037261963,6.199444770812988,3.376091957092285,1.2172613143920898,1.8044984340667725,True,N/A,AVG_5_MIN,N/A
NaN,Wing,NaN,0,2025-11-17T15:52:20.181674,35.49166666666667,69.6,N/A,N/A,N/A,1.5804833333333332,0.16888333333333336,0.33163333333333334,0.9764333333333333,3.385845422744751,60.928872426350914,107.7132962544759,23.307766342163085,43.037750244140625,58.75322182973226,43.68452835083008,64.94409713745117,170.45619506835936,54.146183013916016,52.94577579498291,12.314096450805664,12.067201614379883,6.647078037261963,6.199444770812988,3.376091957092285,1.2172613143920898,1.8044984340667725,True,N/A,AVG_5_MIN,N/A
NaN,Wing,NaN,0,2025-11-17T16:01:07.758458,35.49166666666667,68.75833333333334,N/A,N/A,N/A,1.5737833333333333,0.16886666666666666,0.31756666666666666,0.9476166666666667,3.371737734476725,60.66053237915039,106.93838500976562,22.954618453979492,43.01343510945638,58.2065757115682,43.68452835083008,64.86576614379882,169.96783752441405,54.04042911529541,53.03181076049805,12.314096450805664,12.067201614379883,6.647078037261963,6.199444770812988,3.376091957092285,1.2172613143920898,1.8044984340667725,True,N/A,AVG_5_MIN,N/A
NaN,Wing,NaN,0,2025-11-17T16:09:55.512278,35.458333333333336,69.63333333333333,N/A,N/A,N/A,1.5524,0.16853333333333334,0.32813333333333333,0.9403166666666667,3.385845422744751,60.61317825317383,106.93838500976562,22.954618453979492,42.72165349324544,58.081302642822266,43.68452835083008,64.8579330444336,169.94830322265625,53.730217679341635,52.44677556355794,12.314096450805664,12.053793621063232,6.647078037261963,6.199444770812988,3.376091957092285,1.2172613143920898,1.8044984340667725,True,N/A,AVG_5_MIN,N/A
NaN,Wing,NaN,0,2025-11-17T16:18:43.160957,35.49166666666667,69.57833333333333,N/A,N/A,N/A,1.6185333333333334,0.16915000000000002,0.3341,1.0401333333333334,3.385845422744751,61.33927351633708,106.02398452758788,22.969332949320474,42.30829620361328,57.170223299662275,42.688655090332034,63.81613337198893,166.66654459635416,53.504608217875166,50.91535676320394,12.029415845870972,11.825857734680175,6.647078037261963,5.918993719418844,3.0572388052940367,1.2172613143920898,1.8044984340667725,True,N/A,AVG_5_MIN,N/A
NaN,Wing,NaN,0,2025-11-17T16:27:30.638806,35.49666666666667,68.505,N/A,N/A,N/A,1.7283166666666667,0.17136666666666667,0.33963333333333334,1.3001666666666667,3.371737734476725,62.191646575927734,103.46676177978516,22.910474967956542,41.87062377929688,54.881137148539224,40.42911071777344,61.458376502990724,160.16163279215496,52.85598112742106,47.59441458384196,11.268060525258383,11.26272201538086,6.619381872812907,5.313809871673584,2.3069960951805113,1.2172613143920898,1.8044984340667725,True,N/A,AVG_5_MIN,N/A
NaN,Wing,NaN,0,2025-11-17T16:36:18.272272,35.46333333333333,68.49833333333333,N/A,N/A,N/A,1.6748,0.17086666666666667,0.34335,1.2600833333333332,3.371737734476725,62.42841618855794,103.18779144287109,22.925189463297524,42.16240539550781,55.222791290283205,40.62995910644531,61.638537089029946,160.43511352539062,53.018137486775714,47.83531188964844,11.453434149424234,11.26272201538086,6.647078037261963,5.313809871673584,2.3445082306861877,1.2172613143920898,1.8044984340667725,True,N/A,AVG_5_MIN,N/A
NaN,Wing,NaN,0,2025-11-17T16:45:05.794703,35.461666666666666,68.33,N/A,N/A,N/A,1.6228333333333333,0.17018333333333335,0.34975,1.1856166666666668,3.385845422744751,62.50733947753906,103.21878814697266,22.954618453979492,42.30829620361328,55.34806442260742,40.67180252075195,62.01452560424805,160.6695238749186,53.27194697062175,47.90413977305094,11.519639015197754,11.26272201538086,6.647078037261963,5.313809871673584,2.2694839596748353,1.2172613143920898,1.8044984340667725,True,N/A,AVG_5_MIN,N/A
NaN,Wing,NaN,0,2025-11-17T16:53:53.504453,35.483333333333334,68.80166666666666,N/A,N/A,N/A,1.6053333333333333,0.17008333333333334,0.32771666666666666,1.1357666666666666,3.385845422744751,62.50733947753906,102.80033264160156,22.954618453979492,42.271823501586915,55.34806442260742,40.67180252075195,61.75603332519531,160.5523193359375,52.912383715311684,47.83531201680501,11.519639015197754,11.26272201538086,6.647078037261963,5.313809871673584,2.2694839596748353,1.2172613143920898,1.8044984340667725,True,N/A,AVG_5_MIN,N/A
NaN,Wing,NaN,0,2025-11-17T17:02:41.371321,35.47,69.62833333333333,N/A,N/A,N/A,1.5912333333333333,0.16976666666666668,0.35561666666666664,1.13795,3.385845422744751,62.50733947753906,102.38187713623047,22.954618453979492,42.30829620361328,55.34806442260742,40.67180252075195,61.834364318847655,160.53278503417968,52.884182675679526,47.73207028706869,11.519639015197754,11.26272201538086,6.647078037261963,5.313809871673584,2.2882400274276735,1.2172613143920898,1.8044984340667725,True,N/A,AVG_5_MIN,N/A
NaN,Wing,NaN,0,2025-11-17T17:11:29.369161,35.5,69.38833333333334,N/A,N/A,N/A,1.5781,0.1698,0.3420166666666667,1.12415,3.385845422744751,62.50733947753906,102.28888702392578,22.954618453979492,42.30829620361328,55.34806442260742,40.67180252075195,61.92836151123047,160.45464782714845,52.99698683420817,47.646035766601564,11.50639804204305,11.31635398864746,6.647078037261963,5.313809871673584,2.250727891921997,1.2172613143920898,1.8044984340667725,True,N/A,AVG_5_MIN,N/A
NaN,Wing,NaN,0,2025-11-17T17:20:16.827104,35.44833333333333,67.855,N/A,N/A,N/A,1.567,0.17158333333333334,0.3461166666666667,0.9927833333333334,3.385845422744751,62.50733947753906,102.28888702392578,22.954618453979492,42.30829620361328,55.34806442260742,40.67180252075195,62.03802490234375,160.3765106201172,52.96878579457601,47.560000928243,11.519639015197754,11.302945995330811,6.647078037261963,5.313809871673584,2.2694839596748353,1.2172613143920898,1.8044984340667725,True,N/A,AVG_5_MIN,N/A
NaN,Wing,NaN,0,2025-11-17T17:29:04.330950,35.32833333333333,67.57,N/A,N/A,N/A,1.5577166666666666,0.1704166666666667,0.34978333333333333,0.9375666666666667,3.385845422744751,62.50733947753906,102.28888702392578,22.93990395863851,42.30829620361328,55.34806442260742,40.67180252075195,61.95186080932617,159.4583984375,52.877132415771484,47.56000073750814,11.519639015197754,11.396801948547363,6.647078037261963,5.313809871673584,2.2694839596748353,1.2172613143920898,1.8044984340667725,True,N/A,AVG_5_MIN,N/A
NaN,Wing,NaN,0,2025-11-17T17:37:52.038579,35.281666666666666,67.53333333333333,N/A,N/A,N/A,1.5597333333333334,0.16995000000000002,0.3352333333333333,0.91605,3.385845422744751,62.50733947753906,102.28888702392578,22.719186528523764,42.186720530192055,55.34806442260742,40.67180252075195,61.7090347290039,159.39979553222656,52.877132415771484,46.99217154184977,11.513018528620401,11.31635398864746,6.647078037261963,5.313809871673584,2.2882400274276735,1.2172613143920898,1.8044984340667725,True,N/A,AVG_5_MIN,N/A
NaN,Wing,NaN,0,2025-11-17T17:46:39.601852,35.26,67.34166666666667,N/A,N/A,N/A,1.5542333333333334,0.16945000000000002,0.33225,0.89805,3.385845422744751,62.50733947753906,101.93242492675782,22.292466163635254,41.67610270182292,55.34806442260742,40.67180252075195,61.56803894042969,159.3021240234375,52.877132415771484,47.16424109141032,11.47329560915629,11.27613000869751,6.647078037261963,5.3285704533259075,2.2882400274276735,1.2172613143920898,1.8044984340667725,True,N/A,AVG_5_MIN,N/A
NaN,Wing,NaN,0,2025-11-17T17:55:27.315507,35.20666666666667,67.13833333333334,N/A,N/A,N/A,1.5503333333333333,0.16945000000000002,0.33158333333333334,0.884,3.385845422744751,62.03380012512207,101.3589859008789,22.071748733520508,41.57884216308594,55.029187520345054,40.67180252075195,61.56803894042969,158.520751953125,52.877132415771484,47.62882868448893,11.373988310496012,11.26272201538086,6.647078037261963,5.313809871673584,2.2694839596748353,1.2172613143920898,1.8044984340667725,True,N/A,AVG_5_MIN,N/A
NaN,Wing,NaN,0,2025-11-17T18:04:14.882541,35.22166666666667,66.49833333333333,N/A,N/A,N/A,1.54315,0.1689166666666667,0.32188333333333335,0.8667666666666667,3.385845422744751,61.56026077270508,101.3589859008789,22.071748733520508,41.57884216308594,54.664756774902344,40.67180252075195,61.47404251098633,158.2472717285156,52.83483047485352,46.9405512491862,11.234958092371622,11.26272201538086,6.647078037261963,5.313809871673584,2.250727891921997,1.2172613143920898,1.8044984340667725,True,N/A,AVG_5_MIN,N/A
NaN,Wing,NaN,0,2025-11-17T18:13:02.446152,35.190000000000005,65.83166666666666,N/A,N/A,N/A,1.5251666666666666,0.16813333333333336,0.33753333333333335,0.8334499999999999,3.385845422744751,61.56026077270508,100.69256223042807,22.071748733520508,41.57884216308594,54.664756774902344,40.67180252075195,61.105889828999835,158.2277374267578,52.55281753540039,47.30189736684164,11.148891766866049,11.26272201538086,6.647078037261963,5.313809871673584,2.250727891921997,1.2172613143920898,1.8044984340667725,True,N/A,AVG_5_MIN,N/A
NaN,Wing,NaN,0,2025-11-17T18:21:50.003075,35.098333333333336,65.77166666666666,N/A,N/A,N/A,1.517,0.16766666666666669,0.3254166666666667,0.8216166666666667,3.385845422744751,61.56026077270508,100.42909240722656,22.071748733520508,41.57884216308594,54.664756774902344,40.67180252075195,61.09805679321289,158.11053161621095,52.4541130065918,47.12982781728109,11.142271280288696,11.26272201538086,6.647078037261963,5.313809871673584,2.2694839596748353,1.2172613143920898,1.8044984340667725,True,N/A,AVG_5_MIN,N/A
NaN,Wing,NaN,0,2025-11-17T18:30:37.673872,35.068333333333335,65.69166666666666,N/A,N/A,N/A,1.52135,0.16743333333333335,0.3164,0.8184499999999999,3.385845422744751,60.99201126098633,100.38259735107422,22.071748733520508,41.57884216308594,54.664756774902344,40.563009643554686,61.09805679321289,157.1142822265625,52.4541130065918,46.8717238108317,11.12240982055664,11.26272201538086,6.647078037261963,5.313809871673584,2.250727891921997,1.2172613143920898,1.8044984340667725,True,N/A,AVG_5_MIN,N/A
NaN,Wing,NaN,0,2025-11-17T18:39:25.232964,35.095,65.475,N/A,N/A,N/A,1.5403666666666667,0.1681,0.3184666666666667,0.8372499999999999,3.385845422744751,60.61317825317383,99.49919128417969,22.071748733520508,41.566684595743816,54.664756774902344,40.18641891479492,60.745567321777344,157.05567932128906,52.4541130065918,47.06100037892659,11.129030307133993,11.26272201538086,6.647078037261963,5.313809871673584,2.250727891921997,1.2172613143920898,1.8044984340667725,True,N/A,AVG_5_MIN,N/A
NaN,Wing,NaN,0,2025-11-17T18:48:12.523664,35.10666666666667,65.83833333333334,N/A,N/A,N/A,1.5594666666666666,0.16840000000000002,0.31653333333333333,0.8886166666666666,3.385845422744751,56.1145435333252,98.91025390625,21.79217332204183,40.09562015533447,54.07255477905274,41.157186126708986,61.08238938649495,158.4621457417806,52.08749847412109,48.351521809895836,11.407090663909912,11.26272201538086,6.647078037261963,5.594260923067728,2.5883371114730833,1.2172613143920898,1.8044984340667725,True,N/A,AVG_5_MIN,N/A
NaN,Wing,NaN,0,2025-11-17T18:56:59.928786,35.335,66.27166666666666,N/A,N/A,N/A,1.5939833333333333,0.17026666666666668,0.32525000000000004,0.9603666666666666,3.385845422744751,46.40696334838867,97.63938903808594,21.188879013061523,37.20212173461914,53.29813766479492,43.18240737915039,62.01452560424805,160.64998982747395,51.185062408447266,51.500393295288085,11.930109151204427,11.26272201538086,6.647078037261963,6.199444770812988,3.357335889339447,1.2172613143920898,1.8044984340667725,True,N/A,AVG_5_MIN,N/A
NaN,Wing,NaN,0,2025-11-17T19:05:47.605063,35.428333333333335,66.06,N/A,N/A,N/A,1.5897000000000001,0.17003333333333334,0.3234,0.9492166666666666,3.385845422744751,46.40696334838867,97.5154032389323,21.188879013061523,37.1778065999349,53.29813766479492,43.18240737915039,61.62287063598633,160.5718536376953,51.185062408447266,51.07021942138672,11.923488680521647,11.26272201538086,6.647078037261963,6.199444770812988,3.3385798215866087,1.2172613143920898,1.8044984340667725,True,N/A,AVG_5_MIN,N/A
NaN,Wing,NaN,0,2025-11-17T19:14:35.895400,35.5,66.12666666666667,N/A,N/A,N/A,1.5746,0.16981666666666667,0.3254166666666667,0.9343333333333333,3.385845422744751,46.40696334838867,96.74049199422201,21.188879013061523,36.82523714701335,53.29813766479492,43.18240737915039,61.56803894042969,160.49371643066405,51.185062408447266,51.465979385375974,11.923488680521647,11.26272201538086,6.647078037261963,6.199444770812988,3.357335889339447,1.2172613143920898,1.8044984340667725,True,N/A,AVG_5_MIN,N/A
NaN,Wing,NaN,0,2025-11-17T19:23:23.843172,35.515,66.33333333333333,N/A,N/A,N/A,1.5723333333333334,0.16973333333333335,0.3214166666666667,0.9214166666666667,3.385845422744751,46.39117870330811,96.7094955444336,21.188879013061523,36.521297963460285,53.29813766479492,42.75560455322265,61.31738179524739,159.63420715332032,51.185062408447266,51.242288970947264,11.916868209838867,11.26272201538086,6.647078037261963,6.199444770812988,3.357335889339447,1.2172613143920898,1.8044984340667725,True,N/A,AVG_5_MIN,N/A
NaN,Wing,NaN,0,2025-11-17T19:32:11.588305,35.571666666666665,66.24666666666667,N/A,N/A,N/A,1.5575666666666668,0.16996666666666668,0.3262,0.9281166666666667,3.371737734476725,45.68086967468262,96.7094955444336,21.188879013061523,36.4726676940918,53.10453275044759,42.6802864074707,61.09805679321289,159.39979553222656,51.185062408447266,51.3455307006836,11.916868209838867,11.26272201538086,6.647078037261963,6.199444770812988,3.3385798215866087,1.2172613143920898,1.8044984340667725,True,N/A,AVG_5_MIN,N/A
