sample_id,meat_type,storage_type,hour,timestamp_iso,temp_c,hum_pct,frozen_age_days,thaw_method,time_since_thaw_min,mq137_rs_ro,mq135_rs_ro,mq4_rs_ro,mq3_rs_ro,as_reflectance_ch1,as_reflectance_ch2,as_reflectance_ch3,as_reflectance_ch4,as_reflectance_ch5,as_reflectance_ch6,as_reflectance_ch7,as_reflectance_ch8,as_reflectance_ch9,as_reflectance_ch10,as_reflectance_ch11,as_reflectance_ch12,as_reflectance_ch13,as_reflectance_ch14,as_reflectance_ch15,as_reflectance_ch16,as_reflectance_ch17,as_reflectance_ch18,avg_valid,cv_flag,final_label,ground_truth_value
WNG_CH_01,Wing,Chilled,0,2025-11-12T03:33:27.589498,31.453333333333333,65.96666666666667,NaN,NaN,NaN,0.9338269054178145,0.9626644039032667,0.93204330799355,0.9111660366385577,0.2857142828401526,0.2323232360439143,0.3514644372650511,0.3438596799677961,0.34482756009034604,0.345269292999444,0.32298852120443566,0.4014897880932309,0.6521164088133201,0.64027775990389,0.7919678679102727,0.6610169588082307,0.583333325101013,0.5333333409852115,0.44444444776798,0.44444442875117923,0.4,0.39999998943003473,True,OK,Fresh,Fresh
THI_CH_01,Thigh,Chilled,0,2025-11-12T03:37:52.564267,30.546666666666667,63.6,NaN,NaN,NaN,0.8732782369146006,0.9393296563428084,0.9590724103509176,0.914946205292236,0.4285714343196948,0.2129870123373876,0.2596931606213285,0.4078947535799378,0.37931034855852197,0.2765647843172972,0.29578545844581,0.44283056200855814,0.6626984270489512,0.8086805285164077,0.7148594324947677,0.7457627394520878,0.7083333374494934,0.6666666666666666,0.5,0.5555555241690251,0.4,0.41333332417269675,True,OK,Fresh,Fresh
THI_CH_02,Thigh,Chilled,0,2025-11-12T03:46:18.412657,29.346666666666668,68.26666666666667,NaN,NaN,NaN,0.9165518824609734,0.9516334323292319,0.9560009214466713,0.8729281767955802,0.2952380942800509,0.18152957996393868,0.2658298532188946,0.3815789699037152,0.3765517254810679,0.29927219742277533,0.4829501930597346,0.5353817757131394,0.7275132370802532,0.8663194237329138,0.40321285283589087,0.5762711781643737,0.7083333374494934,0.5466666773792961,0.5,0.3333333333333333,0.4,0.39999998943003473,True,OK,Fresh,Fresh
WNG_RT_01,Wing,Room,0,2025-11-12T06:34:55.074348,30.533333333333335,83.6,NaN,NaN,NaN,1.0118317890235209,0.9640824337585869,0.9726520030107888,0.9645551080190407,0.384615394615327,0.37595127746531,0.40434782554412296,0.47117117793720315,0.5232613843010958,0.4333333401622985,0.5069444438163717,0.5537572375288832,0.7717421555783025,0.6235294276501628,0.6316666812923906,0.7192982973398768,0.6376811773477638,0.5761904949297698,0.592156867713151,0.44444442875117923,0.4,0.39999998943003473,True,OK,Fresh,Fresh
WNG_RT_02,Wing,Room,0,2025-11-12T06:39:31.484672,31.046666666666667,82.38666666666667,NaN,NaN,NaN,0.9983368971252079,0.9511285574092248,0.9467257673329431,0.9435371658733065,0.384615394615327,0.3424657545584107,0.3826087156594679,0.4693693804356782,0.4839328392093545,0.38256880677559,0.42797619699020134,0.4633911553694516,0.7009602630592315,0.6014260393623772,0.7300000138559489,0.7298245953947762,0.6521739220072151,0.6380952720602079,0.5882353015697265,0.5555555241690251,0.4,0.39999998943003473,True,OK,Fresh,Fresh
THI_RT_01,Thigh,Room,0,2025-11-12T06:44:14.602063,31.46,82.36666666666667,NaN,NaN,NaN,0.9927773818009028,0.946810598626104,0.918625073178891,0.9097766385939215,0.4615384648717757,0.42891932923032383,0.6463768414758978,0.502702710119694,0.5323740923287933,0.4685015379171123,0.2611111101061948,0.3737957704352722,0.6419753079805512,0.6552584900089478,0.8591666939936771,0.684210552917651,0.7043478646310254,0.7142857259977728,0.5294117460756838,0.5481481178078353,0.4,0.6000000105699653,True,OK,Fresh,Fresh
BRE_RT_01,Breast,Room,0,2025-11-12T06:53:14.630113,31.88,82.12,NaN,NaN,NaN,1.0017581373247801,0.9479882237487733,0.9321736221460232,0.8699377517392897,0.31282050882053586,0.20547944422874817,0.41304349803552065,0.5270270756517176,0.4388489408925579,0.37584096999441463,0.4430555607057515,0.5982659019200769,0.9020576468572541,0.9155080309835398,1.0,0.8818713755721177,0.6956522075270569,0.7142857259977728,0.6313725291473959,0.5555555241690251,0.4,0.39999998943003473,True,OK,Fresh,Fresh
BRE_RT_02,Breast,Room,0,2025-11-12T06:58:02.091196,31.973333333333333,81.53333333333333,NaN,NaN,NaN,0.9893086243763365,0.9334641805691855,0.9412059881241114,0.8244599047967777,0.23076923243588784,0.16103499883915948,0.26956522297473523,0.39189191270286494,0.38848922081304194,0.2844036694898292,0.38690477213337404,0.47687861407274473,0.7517147057143785,0.683422482896015,0.7716666566595924,0.7719298718536016,0.6521739220072151,0.6380952720602079,0.5294117460756838,0.48888886691831757,0.4,0.39999998943003473,True,OK,Fresh,Fresh
THI_RT_02,Thigh,Room,0,2025-11-12T07:02:11.776367,32.02,81.15333333333334,NaN,NaN,NaN,0.9958184842005227,0.9318940137389597,0.9042401940286025,0.8025631636763091,0.384615394615327,0.3789954225993904,0.5968115796187702,0.5810811174756263,0.6110311649551059,0.5412844238746907,0.5533730110458287,0.5905587576386689,0.9533608403442924,0.7083779306190715,0.9899999953813503,0.9649123398170021,0.7391304930468987,0.785714314994432,0.7058823492151367,0.592592571668239,0.6,0.6000000105699653,True,OK,Fresh,Fresh
WNG_RT_01,Wing,Room,0,2025-11-12T07:06:30.602327,32.1,79.58666666666666,NaN,NaN,NaN,0.9994297933000712,0.9315014720314033,0.9403696579409551,0.778615891614793,0.23076923243588784,0.19634702721850325,0.2956521691050891,0.36486489179091053,0.4532374054706286,0.40825688989666203,0.43551587884797643,0.44219651172337754,0.6543209962528332,0.475579333916133,0.6216666766737409,0.6350877528461487,0.6086956880288608,0.6428571779933184,0.5882353015697265,0.44444442875117923,0.4,0.39999998943003473,True,OK,Fresh,Fresh
WNG_RT_02,Wing,Room,0,2025-11-12T07:10:54.561773,32.17333333333333,79.33333333333333,NaN,NaN,NaN,0.9873604181515799,0.9307163886162905,0.9147779543363719,0.7531307213474917,0.3076923026923365,0.33789953685729013,0.4063768157921157,0.49999999635068243,0.5688249269477504,0.4908257120374238,0.5327380922771812,0.5499036653881793,0.8438957912387381,0.5989305042348132,0.8200000092372992,0.8421052764588255,0.6956522075270569,0.7142857259977728,0.7058823492151367,0.5555555241690251,0.6,0.39999998943003473,True,OK,Fresh,Fresh
THI_RT_01,Thigh,Room,0,2025-11-12T07:15:56.429925,32.339999999999996,79.43333333333334,NaN,NaN,NaN,0.9713471133285816,0.9318940137389597,0.9641214351425942,0.7160746979128525,0.15384615134616825,0.12328767274454763,0.23246377381310945,0.24324326849257547,0.3021582828545882,0.27064221193734533,0.32222223830088276,0.2803468336910752,0.5176954865236041,0.3262032249315802,0.6308333475741698,0.684210552917651,0.5217391685306646,0.5714285889966593,0.4901960635272136,0.44444442875117923,0.27999999999999997,0.19999999471501737,True,OK,Fresh,Fresh
THI_RT_02,Thigh,Room,0,2025-11-12T07:20:58.007460,32.339999999999996,79.34,NaN,NaN,NaN,0.9673081492040865,0.941315014720314,0.9126034958601656,0.6978396191871109,0.15384615134616825,0.1643835584866479,0.3394203135898236,0.18918919747412632,0.2992805824144726,0.31192661020341644,0.2115079399892536,0.19942195948719754,0.39917695947271575,0.25668450525947056,0.72083334295552,0.6116959232313315,0.47826088301082276,0.5714285889966593,0.41176469843027347,0.44444442875117923,0.2,0.19999999471501737,True,OK,Fresh,Fresh
BRE_RT_01,Breast,Room,0,2025-11-12T07:25:35.687019,32.28,80.56666666666666,NaN,NaN,NaN,0.9642670468044666,0.9334641805691855,0.993894789662959,0.6911021603808128,0.23076923243588784,0.1802130862089381,0.39275363122751233,0.3513513813349334,0.33812950073352604,0.2844036694898292,0.2621031735085336,0.3275529923251658,0.537722936387528,0.5518716617941432,0.6883333279449088,0.5438596594679753,0.6086956880288608,0.5714285889966593,0.35294117460756835,0.3333333333333333,0.38666666666666666,0.39999998943003473,True,OK,Fresh,Fresh
BRE_RT_02,Breast,Room,0,2025-11-12T07:29:57.916866,32.37333333333333,80.19333333333333,NaN,NaN,NaN,0.9674031836540745,0.933071638861629,0.8201053776030778,0.6793116074697914,0.23076923243588784,0.15038051048800744,0.26289856451261007,0.39189191270286494,0.330935249633237,0.19266054658218143,0.4037698499731341,0.4618497296409679,0.6290809760270688,0.556862767413324,0.4891666647422293,0.5964912339817002,0.5217391685306646,0.42857145199554564,0.4705882222529786,0.44444442875117923,0.4,0.39999998943003473,True,OK,Fresh,Fresh
WNG_RT_01,Wing,Room,2,2025-11-12T08:33:52.803051,31.413333333333334,80.62666666666667,NaN,NaN,NaN,1.040815753251496,0.998511588347863,0.9881935012015463,0.9069687607277722,0.3076923026923365,0.3121879686499349,0.4465248113718525,0.36486489179091053,0.4666666471625981,0.4298642716821658,0.33035715820006106,0.34883721643565874,0.5457300619899734,0.48648646013781394,0.6970464121206837,0.6428571551062139,0.6424242580996695,0.6428571779933184,0.5294117460756838,0.5555555241690251,0.4,0.39999998943003473,True,OK,Fresh,Fresh
WNG_RT_02,Wing,Room,2,2025-11-12T08:41:24.176086,31.78,79.7,NaN,NaN,NaN,1.1710441304531025,1.0112694025090367,0.985267997074496,1.3970706030438267,0.3076923026923365,0.2916299593923299,0.33617022509691113,0.47297297543872807,0.5384615356484517,0.4479638226225719,0.53373015567952,0.5439922408738106,0.8272727585726436,0.5675675530757976,0.7822784914325569,0.8392857326593208,0.7272727419684402,0.6619047907945063,0.7058823492151367,0.5555555241690251,0.6,0.39999998943003473,True,OK,Fresh,Fresh
THI_RT_01,Thigh,Room,2,2025-11-12T08:45:36.835635,31.873333333333335,80.36666666666667,NaN,NaN,NaN,1.129694654344223,1.0048904954284499,0.9848500679134886,1.3070145325552123,0.23076923243588784,0.14185022277835074,0.24255318094119652,0.2972973103164842,0.335664337710217,0.26244343811390525,0.36607144068425873,0.3750000117974356,0.6157025126839243,0.4486486557627902,0.518143468401514,0.6607143102124278,0.59090908601052,0.5714285889966593,0.5215686095659897,0.4074073969452306,0.4,0.39999998943003473,True,OK,Fresh,Fresh
THI_RT_02,Thigh,Room,2,2025-11-12T08:49:59.536990,31.96,79.66666666666667,NaN,NaN,NaN,1.1021657911739093,1.001913672124176,0.9760735555323373,1.232177594690468,0.15384615134616825,0.14977973739027126,0.3236879269399923,0.2135135279727014,0.3006992903420265,0.31221719056952624,0.23511904896491764,0.2166666713856409,0.41735539035177144,0.2864864926345101,0.7409282891848109,0.625,0.5,0.5714285889966593,0.41176469843027347,0.44444442875117923,0.33333333333333337,0.19999999471501737,True,OK,Fresh,Fresh
BRE_RT_01,Breast,Room,2,2025-11-12T08:55:23.278311,32.03333333333333,79.06,NaN,NaN,NaN,1.3243068625523189,1.035509249415267,1.0157768258280222,2.0703741846893235,0.3076923026923365,0.18942731044987376,0.3872340324507234,0.45945949417729126,0.40559439587646934,0.3665158433907445,0.48313492216024,0.5660852733115046,0.8606061170111181,0.7621621566289409,1.0,0.9107142673406792,0.7272727419684402,0.7142857259977728,0.647058793721094,0.6666666666666666,0.4,0.39999998943003473,True,OK,Fresh,Fresh
BRE_RT_02,Breast,Room,2,2025-11-12T09:00:21.039383,32.03333333333333,78.66,NaN,NaN,NaN,1.2974521756229107,1.0248777376142888,1.0350015672343538,1.9892436205515505,0.2615384605384673,0.1762114468487328,0.3387234014994253,0.3378378416844158,0.335664337710217,0.3037707351480695,0.30158731953223517,0.36065892169739994,0.6374656144743334,0.6457657731082624,0.7983122354975336,0.7523809482979288,0.6818181720210399,0.6428571779933184,0.5294117460756838,0.5555555241690251,0.4,0.39999998943003473,True,OK,Fresh,Fresh
WNG_RT_01,Wing,Room,2,2025-11-12T09:04:43.844629,32.11333333333334,78.08,NaN,NaN,NaN,1.316834742548948,1.0299808632787584,1.0080451363493887,2.1545943471793114,0.3076923026923365,0.22848751337109846,0.30212766358574217,0.4468468571701415,0.478321659294982,0.4072398203761624,0.38769842285524514,0.4947674314896962,0.6892562332927527,0.5682882778015166,0.6835443054551794,0.6619047843613922,0.6606060645249173,0.6904762099962881,0.5882353015697265,0.5259258987242662,0.49333333333333335,0.39999998943003473,True,OK,Fresh,Fresh
WNG_RT_02,Wing,Room,2,2025-11-12T09:09:20.735913,32.14,77.87333333333333,NaN,NaN,NaN,1.295654372313829,1.032532426110993,1.0017761989342806,2.0084677880764388,0.23076923243588784,0.18502201666821996,0.28255318547987884,0.37837840224688774,0.40559439587646934,0.34871795247471155,0.325396841188367,0.37325582229400095,0.6404959197869219,0.5120720546643824,0.7729957960232187,0.7630952156386078,0.6818181720210399,0.6428571779933184,0.5882353015697265,0.5555555241690251,0.4,0.39999998943003473,True,OK,Fresh,Fresh
THI_RT_01,Thigh,Room,2,2025-11-12T09:14:18.756105,32.166666666666664,77.26,NaN,NaN,NaN,1.2330121632630129,1.0201998724218584,0.9869397137185247,1.836709005607049,0.15384615134616825,0.12775330396964313,0.23517730774271772,0.27027028940452985,0.32167831144891507,0.2717948736084814,0.3567460447022738,0.34302325142421003,0.5829201188477386,0.37297297389517653,0.5966244709950671,0.6785714224468931,0.5636363763726481,0.5714285889966593,0.5294117460756838,0.44444442875117923,0.4,0.19999999471501737,True,OK,Fresh,Fresh
THI_RT_02,Thigh,Room,2,2025-11-12T09:19:06.556269,32.20666666666667,76.94,NaN,NaN,NaN,1.3291946402988846,1.0321071656389538,1.1630968550830634,2.1794255635656254,0.384615394615327,0.3920704872733604,0.653049617041258,0.554054096563672,0.5892773847423524,0.507993965384897,0.5204365060881798,0.5715116280715921,0.8798898242944961,0.6580180089540747,0.9324894261374943,0.9107142673406792,0.8181818279789601,0.8333333743255381,0.7058823492151367,0.6666666666666666,0.6,0.5866666758273033,True,OK,Fresh,Fresh
BRE_RT_01,Breast,Room,2,2025-11-12T09:24:50.027768,32.22666666666667,77.22666666666667,NaN,NaN,NaN,1.260484845079918,1.028279821390602,1.0642566085048586,1.8862570088110768,0.3076923026923365,0.18061674063038657,0.35914893142353843,0.342342354901255,0.32167831144891507,0.23076923659869034,0.37797620151232464,0.360465122863685,0.5743801675122616,0.5135134911171418,0.525738408662613,0.6428571551062139,0.59393939067368,0.5095238118662213,0.4156862666851205,0.3333333333333333,0.4,0.39999998943003473,True,OK,Fresh,Fresh
BRE_RT_02,Breast,Room,2,2025-11-12T09:29:45.085802,32.2,77.89333333333333,NaN,NaN,NaN,1.3010477822410742,1.0265787795024452,1.1902622505485319,2.1320517221650075,0.22051282162392521,0.11894273415015595,0.2561702160195464,0.22882883495705214,0.23076923217577416,0.2503770792406317,0.23214285875790117,0.21511628071592123,0.36942149685100834,0.3697297272529545,0.6261603497882297,0.4654762068082852,0.4969696989291254,0.5,0.34509803809787437,0.3333333333333333,0.2,0.19999999471501737,True,OK,Fresh,Fresh
WNG_RT_01,Wing,Room,4,2025-11-12T10:30:00.646144,31.113333333333333,79.01333333333334,NaN,NaN,NaN,0.9689319413772334,0.9403162055335968,0.9412135208901953,0.879735226094585,0.2857142828401526,0.1948497882483782,0.24138889244751374,0.42105264541804915,0.43881280004271495,0.33632286209681417,0.3611940424421749,0.46958214959813105,0.6804979537781503,0.6344085693072335,0.545147700440977,0.6738095258510357,0.6086956880288608,0.5422222319146012,0.584313731203457,0.44444442875117923,0.4,0.39999998943003473,True,OK,Semi-Degraded,Semi-Degraded
WNG_RT_02,Wing,Room,4,2025-11-12T10:36:38.635088,31.52,78.16666666666667,NaN,NaN,NaN,0.9836880144549287,0.9324110671936757,0.9798446357337812,0.8563681314299386,0.2857142828401526,0.1845493586947202,0.31250001442204534,0.36842107806560387,0.38356164285428246,0.34529147342169153,0.3287562344394144,0.3819242001824563,0.637621073573125,0.5702508932422072,0.6936708831157509,0.7321428877655347,0.6521739220072151,0.6000000229556344,0.5294117460756838,0.5555555241690251,0.4,0.39999998943003473,True,OK,Semi-Degraded,Semi-Degraded
THI_RT_01,Thigh,Room,4,2025-11-12T10:41:19.933316,31.78,77.74666666666667,NaN,NaN,NaN,1.0070768921903233,0.9308300395256915,0.971236615578417,0.8499880373235505,0.20476190706121125,0.12446352251286479,0.21250000502100838,0.2894736986106728,0.32191782146718656,0.26008967835257396,0.3462686706617636,0.39397473497172947,0.5977870185512086,0.4465949745718121,0.5679324993977437,0.6416666780991329,0.565217402509019,0.5333333409852115,0.4705882222529786,0.3333333333333333,0.4,0.23999999365802083,True,OK,Semi-Degraded,Semi-Degraded
THI_RT_02,Thigh,Room,4,2025-11-12T10:45:51.287466,31.94,77.10666666666667,NaN,NaN,NaN,1.0301646255771935,0.9359683794466401,0.9439428931345791,0.8412154079272669,0.2142857171598474,0.27896996581773514,0.5416666990717561,0.3815789699037152,0.48630139292436175,0.4663676887558837,0.46029851106410596,0.43965016779428745,0.7031812351100748,0.446953383330914,0.9400843601624417,0.8821428877655348,0.6811594456871096,0.7111111213136152,0.647058793721094,0.6444444381671384,0.49333333333333335,0.39999998943003473,True,OK,Semi-Degraded,Semi-Degraded
BRE_RT_01,Breast,Room,4,2025-11-12T10:51:20.917765,32.1,77.54666666666667,NaN,NaN,NaN,1.008532423208191,0.9332015810276679,0.9340751627125761,0.8311667597097057,0.2857142828401526,0.15908441582491326,0.25861110327928766,0.3412280997050896,0.2671233036179097,0.18385649460833375,0.3393034971642383,0.3469387788907271,0.515905959470557,0.5716845799937857,0.43375529004932856,0.5178571551062139,0.5420290110538967,0.46666665901478854,0.35294117460756835,0.3333333333333333,0.2,0.39999998943003473,True,OK,Semi-Degraded,Semi-Degraded
BRE_RT_02,Breast,Room,4,2025-11-12T10:56:50.303921,32.14666666666667,76.64666666666666,NaN,NaN,NaN,1.1044468982132103,0.9422924901185771,0.9439428931345789,1.0368450434643912,0.2142857171598474,0.1459227521902272,0.287499990705793,0.21052633336887328,0.24794521789332663,0.26457399653223007,0.22606965391207387,0.22157435851127932,0.373443995730695,0.3953404921997846,0.5949367064926007,0.4821428448937861,0.5014493019547384,0.46666665901478854,0.35294117460756835,0.3333333333333333,0.2,0.19999999471501737,True,OK,Semi-Degraded,Semi-Degraded
WNG_RT_01,Wing,Room,4,2025-11-12T11:04:06.590960,32.053333333333335,76.25999999999999,NaN,NaN,NaN,1.1403332664123669,0.9446640316205532,0.945412555112324,1.3412552835154319,0.2857142828401526,0.3184549428922745,0.4625000199772035,0.39473686174182654,0.48584477149455085,0.45440955701233715,0.30208957019174615,0.37045675693122826,0.5726141087804142,0.4956989009588866,0.7012658233768498,0.625,0.6521739220072151,0.6000000229556344,0.5294117460756838,0.5555555241690251,0.4,0.39999998943003473,True,OK,Semi-Degraded,Semi-Degraded
WNG_RT_02,Wing,Room,4,2025-11-12T11:08:54.931544,32.13333333333333,76.40666666666667,NaN,NaN,NaN,1.1905239911664323,0.9498023715415019,0.907201343690951,1.4202886992583141,0.35714286863938965,0.3728183086071541,0.5197222379879511,0.43596492662474373,0.5342466072358194,0.4618834173071727,0.31960200641409536,0.3889212986389987,0.6514522886580028,0.5594981941223962,0.6962025298694505,0.6964285775531069,0.7391304930468987,0.6666666666666666,0.576470590470918,0.44444442875117923,0.44,0.493333332628669,True,OK,Semi-Degraded,Semi-Degraded
THI_RT_01,Thigh,Room,4,2025-11-12T11:13:26.023328,32.20666666666667,75.98666666666666,NaN,NaN,NaN,1.2752961252760489,0.9620553359683793,0.9036321646021415,1.606427944812186,0.35714286863938965,0.41630901500857653,0.564444461233367,0.5789474043279114,0.6242009214525033,0.5228699476129416,0.5721393211286394,0.5935860025469671,0.8630705979220252,0.6322580424120641,0.8168776450246642,0.8892857326593209,0.7391304930468987,0.7288889031723947,0.7058823492151367,0.5555555241690251,0.6,0.6000000105699653,True,OK,Semi-Degraded,Semi-Degraded
THI_RT_02,Thigh,Room,4,2025-11-12T11:17:49.762865,32.3,77.37333333333333,NaN,NaN,NaN,1.3537442280666532,0.9648221343873518,0.9124501364686121,1.7204721269638727,0.1428571414200763,0.1459227521902272,0.3052777754726245,0.1710526436414077,0.28082192860289273,0.29596412365208347,0.2155223911872499,0.2011661783433582,0.3892116425102035,0.2598566287390836,0.721518997406447,0.6071428448937861,0.47826088301082276,0.5333333409852115,0.41176469843027347,0.44444442875117923,0.21333333333333335,0.19999999471501737,True,OK,Semi-Degraded,Semi-Degraded
BRE_RT_01,Breast,Room,4,2025-11-12T11:22:54.552117,32.379999999999995,77.92,NaN,NaN,NaN,1.3716623168038546,0.9667984189723319,0.909090909090909,1.6541988994337666,0.35714286863938965,0.2028612296152459,0.4002777812699307,0.49385967724361246,0.4246575357185763,0.3721973073963236,0.5231840774989056,0.609523834765048,0.9261411310201054,0.8978493890676779,0.878481049364689,0.9452381034041426,0.7391304930468987,0.6666666666666666,0.647058793721094,0.5555555241690251,0.4,0.39999998943003473,True,OK,Semi-Degraded,Semi-Degraded
BRE_RT_02,Breast,Room,4,2025-11-12T11:27:41.391662,32.38666666666666,78.06,NaN,NaN,NaN,1.3904838385866292,0.9711462450592885,0.9489817342011337,1.859318924954143,0.2142857171598474,0.16738198186758962,0.32194444655492976,0.34210529438938125,0.32876714291435044,0.29596412365208347,0.30447762967661196,0.3694849377011529,0.6260028075250661,0.6265232695481648,0.7822784789602539,0.7678571122344653,0.6521739220072151,0.6000000229556344,0.5294117460756838,0.5555555241690251,0.4,0.39999998943003473,True,OK,Semi-Degraded,Semi-Degraded
WNG_CH_01,Wing,Chilled,6,2025-11-12T11:49:05.831787,32.28,67.96,NaN,NaN,NaN,1.0658502308773339,0.9146245059288536,0.968927146756246,1.2980301459446526,0.2142857171598474,0.15193133350349294,0.26388889328078746,0.2543859870423759,0.30365296427474947,0.30224214406916716,0.22786069852572324,0.28688047194553096,0.6130014145665238,0.5691756087853344,0.5940928242413674,0.5845238246309972,0.6086956880288608,0.5333333409852115,0.4705882222529786,0.3333333333333333,0.4,0.39999998943003473,True,OK,Semi-Fresh,Semi-Fresh
WNG_CH_01,Wing,Chilled,6,2025-11-12T11:55:59.763670,31.786666666666665,71.30666666666667,NaN,NaN,NaN,1.1122264605500904,0.9375494071146243,0.9821541045559522,1.3928542946008455,0.2857142828401526,0.3047210368207305,0.45916667892362467,0.33333335133663333,0.44200915005139146,0.4403587434516177,0.33830847237887757,0.3694849440114626,0.5950207647302422,0.43405016054813167,0.9181434777557413,0.7142857326593208,0.6521739220072151,0.6000000229556344,0.5882353015697265,0.5555555241690251,0.4,0.39999998943003473,True,OK,Semi-Fresh,Semi-Fresh
THI_CH_01,Thigh,Chilled,6,2025-11-12T12:01:20.649130,31.113333333333333,64.84666666666666,NaN,NaN,NaN,0.9977414173860669,0.9083003952569169,0.9586395129120302,1.1323072015312226,0.2857142828401526,0.22203147917303728,0.3527777783712776,0.28859650582146534,0.3698630357786442,0.3955156868272308,0.3510447896314952,0.34460641431612365,0.7112033711908775,0.64014336479652,0.931645556358564,0.8702381234109585,0.6956522075270569,0.6666666666666666,0.5882353015697265,0.5777777526685535,0.4,0.39999998943003473,True,OK,Semi-Fresh,Semi-Fresh
THI_CH_01,Thigh,Chilled,6,2025-11-12T12:05:39.908606,30.633333333333333,66.71333333333334,NaN,NaN,NaN,1.0144047380044168,0.9114624505928852,0.9756456015116524,1.115080947443975,0.5,0.3719599472567869,0.6761111039273894,0.7201755002428325,0.592237457184428,0.4950672650230392,0.7223880848843498,0.8800777909726353,1.0,1.0,1.0,1.0,0.826087012545095,0.7333333486370895,0.7058823492151367,0.6666666666666666,0.6,0.6000000105699653,True,OK,Semi-Fresh,Semi-Fresh
THI_CH_02,Thigh,Chilled,6,2025-11-12T12:10:45.133290,30.7,68.19333333333333,NaN,NaN,NaN,0.931740614334471,0.9130434782608694,0.9943313038001259,1.1216205439030227,0.35714286863938965,0.35851216701351146,0.5277777780151777,0.5394737288135774,0.5684931786529493,0.47533632511519597,0.6815920686845589,0.6765792228134352,1.0,0.8032257693334661,1.0,1.0,0.8231884601771055,0.7333333486370895,0.7058823492151367,0.6666666666666666,0.6,0.6000000105699653,True,OK,Semi-Fresh,Semi-Fresh
THI_CH_02,Thigh,Chilled,6,2025-11-12T12:15:16.050264,30.833333333333332,71.25333333333333,NaN,NaN,NaN,0.9796225657498495,0.9197628458498023,1.0195255091328994,1.0964989233591196,0.2857142828401526,0.28469242476011203,0.3969444493325089,0.2631579149344501,0.3972602857486103,0.40597907087866025,0.4622885606348275,0.406802725145063,0.5986168946974985,0.30645160977529207,0.8632911688424912,0.8011904741489643,0.565217402509019,0.6666666666666666,0.6,0.5555555241690251,0.4,0.39999998943003473,True,OK,Semi-Fresh,Semi-Fresh
THI_RT_01,Thigh,Room,6,2025-11-12T13:40:58.527573,31.193333333333335,76.6,NaN,NaN,NaN,1.0044922766473683,0.9953290870488323,1.054248595505618,0.9800152264940997,0.2857142828401526,0.2954666509702806,0.41793843137107917,0.49367091169192384,0.49681528386612567,0.42909602646051004,0.443678165837775,0.5397727120749984,0.7408907078911374,0.6720142676593291,0.713492045967029,0.74137926324198,0.6985507598950464,0.6666666666666666,0.5555555821438399,0.44444442875117923,0.5733333333333334,0.39999998943003473,True,OK,Semi-Fresh,Semi-Fresh
THI_RT_02,Thigh,Room,6,2025-11-12T13:45:29.114285,31.36,75.33333333333333,NaN,NaN,NaN,1.061810843923415,0.9983014861995754,0.9355688202247192,0.9549866768176628,0.2571428565680305,0.15146666844710938,0.21659972867626223,0.22784811571807864,0.2615711186318613,0.21610169010398259,0.16954023691110712,0.2159090940534486,0.3927125505005916,0.4064171192622467,0.5269841329887205,0.5471264265997815,0.565217402509019,0.46666665901478854,0.33333334330394,0.3333333333333333,0.2,0.39999998943003473,True,OK,Semi-Fresh,Semi-Fresh
BRE_RT_01,Breast,Room,6,2025-11-12T13:49:57.741031,31.52,76.24666666666667,NaN,NaN,NaN,1.1804357748576644,1.026326963906582,0.927317415730337,1.4350970688998859,0.2857142828401526,0.17519999305216505,0.2891566403013406,0.35443038779509767,0.3503184749442972,0.3516949060326333,0.3247126589849119,0.41761361513922196,0.7417004250878243,0.703030329626409,0.9349206062940844,0.8620689569530873,0.7391304930468987,0.6666666666666666,0.5555555821438399,0.5555555241690251,0.4,0.39999998943003473,True,OK,Semi-Fresh,Semi-Fresh
BRE_RT_02,Breast,Room,6,2025-11-12T13:54:51.056898,31.773333333333333,76.75999999999999,NaN,NaN,NaN,1.1396449419847694,1.0237791932059448,0.9187148876404495,1.3240388275599544,0.2142857171598474,0.12799999484234173,0.2409638573073775,0.3164556870292435,0.30573248237915424,0.2669491549480087,0.34214560765417207,0.4297348507383048,0.6215924796614056,0.6577540251365117,0.6769841168601031,0.7068965645703691,0.6521739220072151,0.5333333409852115,0.44444444776798,0.44444442875117923,0.4,0.39999998943003473,True,OK,Semi-Fresh,Semi-Fresh
WNG_RT_01,Wing,Room,6,2025-11-12T13:59:31.549298,32.06,77.25999999999999,NaN,NaN,NaN,1.1437768755855575,1.0276008492569002,0.9267907303370787,1.3463075751808147,0.31904762287979654,0.23199999117095904,0.2851405668143525,0.36708861226812123,0.3885350352416915,0.3644067604159304,0.287931053001418,0.4071969744135062,0.5959514350996572,0.6377896958922916,0.5246031619656,0.5172413907292169,0.6086956880288608,0.5333333409852115,0.43333333732157603,0.3333333333333333,0.4,0.39999998943003473,True,OK,Semi-Fresh,Semi-Fresh
WNG_RT_02,Wing,Room,6,2025-11-12T14:04:36.576994,32.193333333333335,75.54,NaN,NaN,NaN,1.1100968121651813,1.0259023354564756,0.9250351123595506,1.3000570993528742,0.29047618856010177,0.20266665722069377,0.2182061569727253,0.44303795910626254,0.4267515622299881,0.3177965961366159,0.38620690648856576,0.473106054631781,0.6356275250295822,0.6409982410563024,0.5222222114698106,0.6724137831119351,0.6521739220072151,0.5333333409852115,0.5,0.4370370223899895,0.4,0.39999998943003473,True,OK,Semi-Fresh,Semi-Fresh
THI_RT_01,Thigh,Room,6,2025-11-12T14:09:54.097988,32.20666666666667,76.20666666666666,NaN,NaN,NaN,1.2748936988012587,1.0416135881104034,0.9661165730337078,1.273315569090217,0.1428571414200763,0.09999999645045969,0.22141901356565147,0.1392405033867385,0.2292993617843657,0.2542372769092927,0.14770115835840764,0.15246211522037295,0.2955465659597682,0.24634581311473977,0.6611110940050017,0.5517241307942394,0.47826088301082276,0.46666665901478854,0.33333334330394,0.44444442875117923,0.2,0.19999999471501737,True,OK,Semi-Fresh,Semi-Fresh
THI_RT_02,Thigh,Room,6,2025-11-12T14:14:50.344765,32.233333333333334,75.46666666666667,NaN,NaN,NaN,1.2254546328104354,1.045435244161359,0.9548806179775281,1.2743623905595736,0.35714286863938965,0.29599998519363385,0.425970547591755,0.5949367074761123,0.5235668660815724,0.43644068077267684,0.41187740233121256,0.5592802795000263,0.7800270109535443,0.8477718524771168,0.8285714411391824,0.8241379056274922,0.7391304930468987,0.6666666666666666,0.5555555821438399,0.5555555241690251,0.6,0.6000000105699653,True,OK,Semi-Fresh,Semi-Fresh
BRE_RT_02,Breast,Room,6,2025-11-12T14:19:14.604018,32.26,76.10666666666667,NaN,NaN,NaN,1.2477478559588728,1.0679405520169853,0.9385533707865169,1.2567567567567566,0.2857142828401526,0.1306666659591082,0.2182061569727253,0.43037976198002253,0.33121017814105125,0.20338983572068553,0.31992338737247783,0.4329545354974128,0.6734143275416326,0.7893048398085557,0.5103174648558159,0.6379310430469127,0.6086956880288608,0.46666665901478854,0.38888889553596,0.44444442875117923,0.4,0.39999998943003473,True,OK,Semi-Fresh,Semi-Fresh
BRE_RT_02,Breast,Room,6,2025-11-12T14:23:35.276022,32.25333333333333,75.72,NaN,NaN,NaN,1.1409421769524588,1.027176220806794,0.9297752808988764,1.3394556528359345,0.2857142828401526,0.18613332851951891,0.30120482781234026,0.27848101361017286,0.2738853376949598,0.21610169010398259,0.13908046945602626,0.2132575737661492,0.37031040107945423,0.5080213870218813,0.464285698576022,0.41379308774732665,0.5217391685306646,0.40000001530375623,0.27777779107191997,0.3333333333333333,0.2,0.39999998943003473,True,OK,Semi-Fresh,Semi-Fresh
WNG_RT_01,Wing,Room,6,2025-11-12T14:27:53.308073,32.306666666666665,75.03333333333333,NaN,NaN,NaN,1.1001032983400196,1.0208067940552017,1.0052668539325842,1.2087933003425961,0.2142857171598474,0.16346665839796637,0.22891565332139557,0.35443038779509767,0.3949044342003425,0.3423728731767704,0.31034484414760966,0.4094696999393681,0.5384615668426226,0.44420679586505485,0.6357142750316949,0.6034482615884788,0.5217391685306646,0.5333333409852115,0.44444444776798,0.44444442875117923,0.4,0.39999998943003473,True,OK,Semi-Fresh,Semi-Fresh
WNG_RT_02,Wing,Room,6,2025-11-12T14:32:35.955692,32.36,75.22,NaN,NaN,NaN,1.143200326711029,1.0343949044585987,1.0279143258426968,1.2064141606395127,0.2857142828401526,0.19973332006634323,0.2730923793033529,0.4472573672639371,0.3821656029739428,0.2796610093313058,0.37356322943173975,0.4528409099818105,0.655600549214523,0.6737967991802741,0.487301581715919,0.6758620612577786,0.6521739220072151,0.5333333409852115,0.5,0.44444442875117923,0.4,0.39999998943003473,True,OK,Semi-Fresh,Semi-Fresh
WNG_RT_01,Wing,Room,8,2025-11-12T15:35:06.827777,32.17333333333334,75.84,NaN,NaN,NaN,1.0134588838493395,1.0039690829329435,0.970082628929623,1.054038680318544,0.1428571414200763,0.13306982984615415,0.21599999396145775,0.2886075931885917,0.3526205409086728,0.34177215338959543,0.39561905668189945,0.384891391602405,0.46963565783197303,0.32836878748836396,0.6134920547644567,0.6034482615884788,0.47826088301082276,0.5333333409852115,0.5,0.44444442875117923,0.4,0.19999999471501737,True,OK,Semi-Fresh,Semi-Fresh
WNG_RT_02,Wing,Room,8,2025-11-12T15:39:33.396186,32.18,76.40666666666667,NaN,NaN,NaN,1.0189311772825873,1.0043868811364112,0.9964858960964955,1.1326507394766783,0.2142857171598474,0.15810277364853292,0.30000000574317875,0.25316456466412574,0.32830189312224894,0.3291139350830062,0.30742858814854085,0.3017941304908463,0.47314443235094916,0.36134751531512693,0.699206348857245,0.6724137831119351,0.565217402509019,0.5333333409852115,0.5,0.5555555241690251,0.4,0.39999998943003473,True,OK,Semi-Fresh,Semi-Fresh
THI_RT_01,Thigh,Room,8,2025-11-12T15:44:11.218548,32.20666666666667,76.81333333333333,NaN,NaN,NaN,1.0203115756261094,1.0131606434092335,1.0069332320258335,1.1351535836177475,0.2142857171598474,0.16996046962619296,0.3130666695021561,0.27848101361017286,0.30817612131453903,0.27426159293949864,0.3558095363288283,0.34674218954352964,0.4728745266187202,0.38404255074210053,0.5436507688643902,0.6034482615884788,0.5449275599857869,0.5066666681970423,0.38888889553596,0.3333333333333333,0.4,0.3733333234680324,True,OK,Semi-Fresh,Semi-Fresh
BRE_RT_02,Breast,Room,8,2025-11-12T15:48:41.911251,32.22,76.06,NaN,NaN,NaN,1.009021889173733,1.0010444955086695,1.128882135055561,1.096245733788396,0.1428571414200763,0.1320158138410595,0.20639999495912992,0.2911392380831964,0.32662474273076336,0.23206751621379598,0.36571429737361155,0.3743153790602031,0.5157894853353925,0.3879432640782927,0.446031734022559,0.6034482615884788,0.47826088301082276,0.41333334404596267,0.44444444776798,0.44444442875117923,0.4,0.19999999471501737,True,OK,Semi-Fresh,Semi-Fresh
BRE_RT_01,Breast,Room,8,2025-11-12T15:53:27.919804,32.2,76.25333333333333,NaN,NaN,NaN,1.0248471701833957,1.0185920200543137,1.065628264792478,1.0886234357224118,0.2857142828401526,0.17391304556564308,0.27386666291008077,0.327426171939743,0.270440253951172,0.18565400590435444,0.27142856956804073,0.3072710060360174,0.4221322753135451,0.5092198614899188,0.39841269771448984,0.4655172185415661,0.5246377174625548,0.40000001530375623,0.3074074189289973,0.25925925402817085,0.2,0.39999998943003473,True,OK,Semi-Fresh,Semi-Fresh
THI_RT_01,Thigh,Room,8,2025-11-12T15:58:37.766304,32.126666666666665,76.56666666666666,NaN,NaN,NaN,1.0552159337408795,1.012325047002298,1.1182448475638713,1.1755403868031857,0.1428571414200763,0.09881423007885198,0.18799999550391147,0.2658227891371493,0.2830188654422553,0.2343178619473038,0.3426666803270967,0.3316336102707826,0.48556004332575214,0.38049644770919855,0.4730158611463277,0.61149424392878,0.5217391685306646,0.46666665901478854,0.44444444776798,0.3333333333333333,0.31999999999999995,0.19999999471501737,True,OK,Semi-Fresh,Semi-Fresh
THI_RT_02,Thigh,Room,8,2025-11-12T16:04:05.281419,32.14,77.66666666666667,NaN,NaN,NaN,1.1427233287320053,1.0160852308335075,1.1537657897236204,1.2940841865756543,0.2142857171598474,0.12753623414448742,0.23599999051555048,0.22784811571807864,0.28008385225715554,0.24894515632632017,0.20571428955938253,0.24079318335078984,0.4188934065267979,0.3602836844052563,0.5619047451477568,0.5862068708592618,0.5536232067814578,0.5333333409852115,0.38518519205382534,0.3333333333333333,0.2,0.23999999365802083,True,OK,Semi-Fresh,Semi-Fresh
WNG_RT_01,Wing,Room,8,2025-11-12T16:08:30.195003,32.2,75.93333333333334,NaN,NaN,NaN,1.0394892526128967,1.0014622937121371,1.2003039224997627,1.214562002275313,0.26666666532540456,0.2490118610524342,0.32399999504445715,0.39240506121416835,0.41509436010139367,0.3533051988294308,0.3287619196296125,0.44117089430696904,0.5910931319195364,0.5691489371907914,0.46190474514775676,0.6206896523176958,0.565217402509019,0.5333333409852115,0.5,0.44444442875117923,0.4,0.39999998943003473,True,OK,Semi-Fresh,Semi-Fresh
WNG_RT_02,Wing,Room,8,2025-11-12T16:12:39.629357,32.18666666666667,75.63333333333334,NaN,NaN,NaN,1.0420528495365806,1.0027156883225403,1.1062778991357205,1.1810011376564278,0.2142857171598474,0.23188406382217397,0.40106666527955226,0.34261604495360903,0.43689728230058916,0.4120956381547077,0.36857143998268366,0.3841359604927262,0.5295546776790679,0.3531914927296118,0.7507936291491858,0.74137926324198,0.6086956880288608,0.6000000229556344,0.5555555821438399,0.5555555241690251,0.4,0.39999998943003473,True,OK,Semi-Fresh,Semi-Fresh
BRE_RT_01,Breast,Room,8,2025-11-12T16:18:00.192954,32.2,76.08,NaN,NaN,NaN,1.0694143167028198,1.008982661374556,1.2365846709089183,1.5283276450511947,0.2857142828401526,0.197101445438761,0.34986666184896015,0.41350210200254095,0.39622641819718085,0.3586497935021196,0.4083809603357549,0.48328608669835693,0.7039136436588651,0.6645390112425519,0.8706349106505384,0.8448276076172818,0.6956522075270569,0.6666666666666666,0.5296296438100481,0.5555555241690251,0.4,0.39999998943003473,True,OK,Semi-Fresh,Semi-Fresh
BRE_RT_02,Breast,Room,8,2025-11-12T16:22:18.731343,32.2,75.99333333333334,NaN,NaN,NaN,1.0524058371129954,1.0077292667641529,1.0359958210656282,1.3,0.2857142828401526,0.15415019770908278,0.26106664892516696,0.39240506121416835,0.3333333442967057,0.27426159293949864,0.33961906154408644,0.46326720827847134,0.6245614427159237,0.7379432560837597,0.6658730008615321,0.7241379139061745,0.6521739220072151,0.5955555774909395,0.44444444776798,0.44444442875117923,0.4,0.39999998943003473,True,OK,Semi-Fresh,Semi-Fresh
THI_RT_01,Thigh,Room,8,2025-11-12T16:26:38.920266,32.20666666666667,75.67333333333333,NaN,NaN,NaN,1.0418556497732203,1.0094004595780237,1.0508120429290533,1.40580204778157,0.2142857171598474,0.21739130129786866,0.41786666435408,0.2962025278724058,0.40712789574183716,0.414064701664144,0.3615238215469725,0.3371104658884262,0.49014844077364406,0.34539007565066704,0.7912698374296941,0.7241379139061745,0.5217391685306646,0.6000000229556344,0.544444465715072,0.5555555241690251,0.4,0.39999998943003473,True,OK,Semi-Fresh,Semi-Fresh
THI_RT_02,Thigh,Room,8,2025-11-12T16:30:54.421690,32.22,75.5,NaN,NaN,NaN,1.0594557286531254,1.0219344056820556,1.0614493304207429,1.3707622298065985,0.2857142828401526,0.2845849967464498,0.4341333179350506,0.5088607810595521,0.5190775857031484,0.4739803028635579,0.5335238066131126,0.553729911979191,0.758164674753789,0.6195035363017354,0.8087301625703057,0.8758620364217317,0.6956522075270569,0.6666666666666666,0.61111110446404,0.5555555241690251,0.5599999999999999,0.39999998943003473,True,OK,Semi-Fresh,Semi-Fresh
WNG_RT_02,Wing,Room,10,2025-11-12T17:43:59.689421,31.086666666666666,80.94,NaN,NaN,NaN,1.138861450480894,0.9905527638190955,1.1512228728901137,1.448220749306633,0.26666666541482204,0.19066146722594585,0.2709163394472609,0.3999999743453,0.41614905702505306,0.33472803757764247,0.3853751286323766,0.4169013860377779,0.5327957230273643,0.5393617100881734,0.48995983488784095,0.596551705296792,0.6086956880288608,0.5333333409852115,0.5,0.3333333333333333,0.4,0.39999998943003473,True,OK,Semi-Fresh,Semi-Fresh
WNG_RT_01,Wing,Room,10,2025-11-12T17:48:02.427497,31.32,78.72,NaN,NaN,NaN,1.04003119313751,0.9595979899497489,0.9507406131588012,1.0306021717670286,0.13333333270741102,0.1582360539300379,0.27490037958832114,0.23583333276510424,0.3229813678718684,0.3263598354702769,0.23855650621391994,0.2813145455406795,0.442473128496377,0.3397163107980239,0.5590361263423911,0.5689655215234564,0.5217391685306646,0.5333333409852115,0.43703704080371064,0.44444442875117923,0.4,0.2666666596200231,True,OK,Semi-Fresh,Semi-Fresh
BRE_RT_01,Breast,Room,10,2025-11-12T17:52:06.337818,31.426666666666666,78.96,NaN,NaN,NaN,1.1807122433064725,0.9989949748743719,1.0232518084739926,1.15639543082781,0.26666666541482204,0.1750972700977146,0.3505975998922688,0.3374999941770582,0.3358178184697897,0.34309621632651877,0.36372270885456537,0.4024413100971673,0.5774193592415326,0.5319148793289197,0.8457831529114455,0.7850574751658158,0.6521739220072151,0.6000000229556344,0.5,0.5555555241690251,0.4,0.39999998943003473,True,OK,Semi-Fresh,Semi-Fresh
BRE_RT_02,Breast,Room,10,2025-11-12T17:56:13.090661,31.566666666666666,79.39333333333333,NaN,NaN,NaN,1.140473095918898,0.974070351758794,1.2056493282810885,1.3179147275889627,0.20000000375553398,0.11673151519429024,0.2549800808207764,0.29999997907116577,0.2981366572606612,0.2769874407009714,0.2735042931136853,0.3168075028620856,0.5241935661677278,0.5790780160894774,0.7212851292631286,0.7068965645703691,0.6144927858926413,0.6000000229556344,0.44444444776798,0.44444442875117923,0.4,0.39999998943003473,True,OK,Semi-Fresh,Semi-Fresh
THI_RT_01,Thigh,Room,10,2025-11-12T18:00:13.695913,31.82,77.88666666666667,NaN,NaN,NaN,1.1822199116194438,0.9648241206030151,1.1126420943851187,1.1276265688901426,0.13333333270741102,0.08949416238360698,0.18326693334530347,0.2624999909702207,0.2857142857142857,0.23040446220644722,0.3105413269441519,0.3305164188936122,0.4803763296639541,0.40425531404604276,0.45542167283762763,0.5862068708592618,0.5217391685306646,0.46666665901478854,0.3925925990180946,0.3333333333333333,0.24,0.19999999471501737,True,OK,Semi-Fresh,Semi-Fresh
THI_RT_02,Thigh,Room,10,2025-11-12T18:04:30.346108,31.953333333333333,77.91333333333333,NaN,NaN,NaN,1.217520145567975,0.9656281407035177,1.1365828453324147,1.105908898603864,0.1777777800728263,0.09883268066054574,0.1869853860644198,0.2749999870038691,0.29192547148747344,0.22231519939071095,0.3080721913554541,0.34948355336502435,0.4956989215701817,0.44964539769124284,0.4305220871019288,0.5862068708592618,0.565217402509019,0.46666665901478854,0.42222222687517197,0.3333333333333333,0.4,0.29333332558202546,True,OK,Semi-Fresh,Semi-Fresh
WNG_RT_01,Wing,Room,12,2025-11-12T20:01:23.494304,32.10666666666667,78.5,NaN,NaN,NaN,1.0107999658499103,1.0078189300411522,1.0073308270676693,1.0310847824702212,0.20000000375553398,0.14333333975836315,0.21653544232253058,0.2633744904535649,0.3243353809343625,0.2965421980906341,0.24895238104334025,0.3059154860277727,0.460483894421241,0.4292768798539639,0.4753968145745929,0.5528735568428539,0.565217402509019,0.46666665901478854,0.44444444776798,0.44444442875117923,0.4,0.39999998943003473,True,OK,Semi-Degraded,Semi-Degraded
WNG_RT_02,Wing,Room,12,2025-11-12T20:05:37.062091,32.02,78.74,NaN,NaN,NaN,0.9898830359429693,1.0082304526748973,0.9550751879699251,1.0489840117204918,0.20000000375553398,0.1961538509307704,0.33648295231569825,0.3086419683937945,0.3959100231923707,0.37593363014346604,0.30114287440858223,0.36863847705158204,0.5021505392149092,0.47089945297538865,0.663492047433267,0.6402298896250201,0.6492753730753249,0.5644444592380755,0.44444444776798,0.44444442875117923,0.4,0.39999998943003473,True,OK,Semi-Degraded,Semi-Degraded
BRE_RT_01,Breast,Room,12,2025-11-12T20:11:56.669750,32.10666666666667,79.49333333333334,NaN,NaN,NaN,1.1761290873388541,1.0415637860082305,0.9787593984962406,1.4070322950506402,0.26666666541482204,0.14538462535536242,0.22703412201721215,0.37037037407475293,0.33128835241555127,0.2655601780860796,0.3571428695463953,0.45953048443554034,0.5943548555589421,0.6885361426475493,0.6309523681751645,0.7471264072828562,0.6521739220072151,0.5333333409852115,0.44444444776798,0.44444442875117923,0.4,0.39999998943003473,True,OK,Semi-Degraded,Semi-Degraded
BRE_RT_02,Breast,Room,12,2025-11-12T20:16:00.476559,32.053333333333335,79.3,NaN,NaN,NaN,1.1412106206778792,1.02880658436214,0.9800751879699248,1.4160137588381425,0.26666666541482204,0.269743597789354,0.3818897524931328,0.45596705963445966,0.4789366163393527,0.4401106781999416,0.5030476187830102,0.5049764896517702,0.6774193802396111,0.5781305017528632,0.7619047451477567,0.8103448261588478,0.6724637885831414,0.657777780838529,0.5555555821438399,0.5555555241690251,0.4,0.39999998943003473,True,OK,Semi-Degraded,Semi-Degraded
THI_RT_01,Thigh,Room,12,2025-11-12T20:20:29.833444,32.086666666666666,78.46666666666667,NaN,NaN,NaN,1.087936480833262,1.0222222222222221,0.9748120300751881,1.3405312440282822,0.20000000375553398,0.09564102811951478,0.12467192231604318,0.2617284003466475,0.25153374370908577,0.1701244840191288,0.15714286520515694,0.23943659943074722,0.354032255778435,0.4973544827122893,0.43809523432491193,0.482758609270783,0.5217391685306646,0.40000001530375623,0.27777779107191997,0.22962962230610587,0.2,0.2666666596200231,True,OK,Semi-Degraded,Semi-Degraded
THI_RT_02,Thigh,Room,12,2025-11-12T20:24:58.684219,32.08,78.75999999999999,NaN,NaN,NaN,1.0770938273712967,1.0176954732510288,0.9796992481203008,1.3576023950570102,0.20000000375553398,0.1038461539830098,0.1895013213820299,0.2962962925919137,0.2891615572889928,0.2863070590362081,0.2628571417408244,0.34084506198548536,0.5244623835695915,0.6299823638542605,0.7261904730485377,0.7000000082786823,0.6086956880288608,0.5333333409852115,0.44444444776798,0.44444442875117923,0.4,0.39999998943003473,True,OK,Semi-Degraded,Semi-Degraded
WNG_RT_01,Wing,Room,14,2025-11-12T22:53:02.674267,32.14666666666667,77.25333333333333,NaN,NaN,NaN,1.0339518165921897,1.0041407867494825,1.0291036088474972,1.1524442908965278,0.13333333270741102,0.10227272472899139,0.17769130996632668,0.20731705509781914,0.2674650538592364,0.26122448886585936,0.20786517213601524,0.24893813270973592,0.39285714285714285,0.3333333255053533,0.47686273504035726,0.5254237260547913,0.4583333127525326,0.46666665901478854,0.38888889553596,0.44444442875117923,0.26666666666666666,0.19999999471501737,True,OK,Semi-Degraded,Semi-Degraded
WNG_RT_02,Wing,Room,14,2025-11-12T22:57:08.266848,32.2,77.88,NaN,NaN,NaN,1.0676122012823004,1.0057971014492755,1.0374854481955762,1.3140438763171531,0.20000000375553398,0.1590909117294594,0.22957197555413875,0.30487802685202053,0.3333333228951529,0.29795917762808605,0.2423220980336739,0.33388735854457796,0.44841271276323696,0.41631945034804607,0.541960759084286,0.5762711781643737,0.583333325101013,0.5333333409852115,0.39629630250022935,0.41481480330642034,0.4,0.39999998943003473,True,OK,Semi-Degraded,Semi-Degraded
BRE_RT_01,Breast,Room,14,2025-11-12T23:01:28.949757,32.25333333333333,77.93333333333334,NaN,NaN,NaN,1.4319992228482612,1.0559006211180124,1.0568102444703142,1.463983416825013,0.20000000375553398,0.12500000563197752,0.26433204320648634,0.32926828955028864,0.29980038023786065,0.29387755567070306,0.3367041337893568,0.4079409026184492,0.6116402407239697,0.5937500029354925,0.8007843140664286,0.7796610679863624,0.6249999629545587,0.6000000229556344,0.5,0.5555555241690251,0.4,0.39999998943003473,True,OK,Semi-Degraded,Semi-Degraded
BRE_RT_02,Breast,Room,14,2025-11-12T23:05:32.221217,32.3,79.18666666666667,NaN,NaN,NaN,1.2587915290460463,1.036024844720497,1.0828870779976716,1.787873553290724,0.13333333270741102,0.08712121429833218,0.19118028429612918,0.23170731779608725,0.23952094889573342,0.23673468876222664,0.22902621901881648,0.26629733201464606,0.460317483278322,0.4746527719394093,0.673725478774643,0.6440677945410934,0.5416666378535456,0.5333333409852115,0.38888889553596,0.44444442875117923,0.2,0.19999999471501737,True,OK,Semi-Degraded,Semi-Degraded
THI_RT_01,Thigh,Room,14,2025-11-12T23:09:54.429046,32.413333333333334,78.41333333333333,NaN,NaN,NaN,1.2355255488634156,1.0322981366459627,1.0516880093131549,1.5276386249784073,0.13333333270741102,0.060606063416179905,0.1128404620194193,0.19349593258175754,0.20958083419808438,0.18775509994818362,0.24438202295146869,0.2493074778541756,0.38835978510699964,0.30312498444188957,0.49333333043535715,0.5593220545890658,0.41666667489898696,0.4355555586163068,0.38888889553596,0.3333333333333333,0.2,0.19999999471501737,True,OK,Semi-Degraded,Semi-Degraded
THI_RT_02,Thigh,Room,14,2025-11-12T23:14:03.439310,32.406666666666666,77.68666666666667,NaN,NaN,NaN,1.2043423353409752,1.0248447204968945,1.0055878928987194,1.4564691656590085,0.20000000375553398,0.16388888443826916,0.27159532234209477,0.2804877905000428,0.35329340979843266,0.35510204453656247,0.30711612133375865,0.3294552168113017,0.4984126972646553,0.3871527707652123,0.6988235144104763,0.6836158444977471,0.583333325101013,0.6000000229556344,0.4518518547322493,0.44444442875117923,0.4,0.39999998943003473,True,OK,Semi-Degraded,Semi-Degraded
WNG_RT_01,Wing,Room,16,2025-11-13T01:33:07.113052,32.26,77.65333333333334,NaN,NaN,NaN,1.0640389520055646,1.0240963855421688,1.0213429256594722,1.1429023704934902,0.17333333533628478,0.09772727159979364,0.1453125024412316,0.24390243597207611,0.26506022274514707,0.22414266436265132,0.2650000071751023,0.3125230285245182,0.4284584979423593,0.4387434541625422,0.3617886141861304,0.4372881532493362,0.46666665020202613,0.40000001530375623,0.3370370467860746,0.22222221437558962,0.2,0.2133333276960185,True,OK,Semi-Degraded,Semi-Degraded
WNG_RT_02,Wing,Room,16,2025-11-13T01:37:11.106292,32.29333333333333,77.6,NaN,NaN,NaN,1.1150939021562718,1.0244979919678714,1.0206235011990408,1.1577822628517156,0.16000000112666019,0.09848484712132659,0.20312499436638864,0.1926829238251486,0.27108432444447916,0.2661179681829254,0.18333333896086454,0.23977900777941405,0.3557312242794913,0.33507853588535813,0.5325203218329109,0.46327683110045054,0.5416666378535456,0.5333333409852115,0.33333334330394,0.3333333333333333,0.21333333333333335,0.19999999471501737,True,OK,Semi-Degraded,Semi-Degraded
BRE_RT_01,Breast,Room,16,2025-11-13T01:41:18.356223,32.35333333333333,77.62,NaN,NaN,NaN,1.42875028982147,1.0698795180722889,1.0541966426858511,1.5941271914203174,0.20000000375553398,0.10984848757281966,0.22656250018778704,0.2804877905000428,0.27710842614381126,0.26748970673428246,0.2755555745015773,0.34806629004281636,0.5359684053585622,0.5078533996806648,0.7821138130787,0.7118644109178132,0.583333325101013,0.6000000229556344,0.44444444776798,0.44444442875117923,0.4,0.39999998943003473,True,OK,Semi-Degraded,Semi-Degraded
BRE_RT_02,Breast,Room,16,2025-11-13T01:45:40.640147,32.339999999999996,76.98,NaN,NaN,NaN,1.2441456063065153,1.0397590361445783,1.04220623501199,1.5686414183386759,0.20000000375553398,0.09090909190599698,0.1536458367760958,0.24390243597207611,0.24096384745100183,0.1851851868869621,0.23722222330083237,0.30773480843843104,0.4743082818867413,0.5497382137154729,0.5626016121685541,0.6101695066986482,0.5416666378535456,0.46666665901478854,0.38888889553596,0.3333333333333333,0.21333333333333335,0.39999998943003473,True,OK,Semi-Degraded,Semi-Degraded
THI_RT_01,Thigh,Room,16,2025-11-13T01:51:18.075514,32.4,76.38000000000001,NaN,NaN,NaN,1.1670762810108972,1.0261044176706826,1.0369304556354912,1.493608769638688,0.13333333270741102,0.08333333669066738,0.16015624170607218,0.1585365823938636,0.21686747215685662,0.18545953536303314,0.15000000844129682,0.1988950388970703,0.3241106738689666,0.2949389244025748,0.4276422858743731,0.4745762739452088,0.4583333127525326,0.46666665901478854,0.27777779107191997,0.22222221437558962,0.2,0.19999999471501737,True,OK,Semi-Degraded,Semi-Degraded
THI_RT_02,Thigh,Room,16,2025-11-13T01:55:25.687843,32.373333333333335,75.34,NaN,NaN,NaN,1.229306747043821,1.0325301204819277,1.0345323741007193,1.5073014365427997,0.13333333270741102,0.08712121429833218,0.1468749996244259,0.22276423113369537,0.25943774252725593,0.20164609545122383,0.26296296186872076,0.3034990771250787,0.42635045953306633,0.3773123904305712,0.45284552222748026,0.5423728903219285,0.5305555344259334,0.46666665901478854,0.38888889553596,0.3333333333333333,0.2,0.19999999471501737,True,OK,Semi-Degraded,Semi-Degraded
